Country Name,Country Code,Indicator Name,Indicator Code,1960,1961,1962,1963,1964,1965,1966,1967,1968,1969,1970,1971,1972,1973,1974,1975,1976,1977,1978,1979,1980,1981,1982,1983,1984,1985,1986,1987,1988,1989,1990,1991,1992,1993,1994,1995,1996,1997,1998,1999,2000,2001,2002,2003,2004,2005,2006,2007,2008,2009,2010,2011,2012,2013,2014,2015,2016,2017,2018,2019,2020,2021
Aruba,ABW,CO2 emissions from solid fuel consumption (kt),EN.ATM.CO2E.SF.KT,0,0,0,0,0,0,0,0,0,0,0,0,0,0,0,0,0,0,0,0,0,0,0,0,0,0,0,0,0,0,0,0,0,0,0,0,0,0,0,0,0,0,0,0,0,0,0,0,0,0,0,0,0,0,0,0,0,,,,,
Afghanistan,AFG,CO2 emissions from solid fuel consumption (kt),EN.ATM.CO2E.SF.KT,128.345,176.016,297.027,264.024,300.694,381.368,429.039,399.703,333.697,363.033,436.373,359.366,190.684,311.695,304.361,399.703,425.372,451.041,575.719,352.032,315.362,333.697,385.035,385.035,392.369,399.703,425.372,443.707,366.7,337.364,278.692,249.356,22.002,18.335,14.668,14.668,7.334,3.667,3.667,3.667,3.667,69.673,55.005,91.675,91.675,106.343,161.348,748.068,1078.098,1536.473,2299.209,4305.058,3667,3942.025,4378.398,3975.028,4829.439,,,,,
Angola,AGO,CO2 emissions from solid fuel consumption (kt),EN.ATM.CO2E.SF.KT,124.678,62.339,91.675,22.002,77.007,55.005,88.008,55.005,102.676,91.675,47.671,29.336,7.334,22.002,0,0,0,0,0,0,0,0,0,0,0,0,0,0,0,0,0,0,0,0,0,0,0,0,0,0,0,0,0,0,0,0,0,0,0,0,0,0,0,0,0,0,0,,,,,
Albania,ALB,CO2 emissions from solid fuel consumption (kt),EN.ATM.CO2E.SF.KT,326.363,322.696,363.033,282.359,333.697,396.036,476.71,524.381,590.387,689.396,891.081,990.09,1081.765,1169.773,1210.11,1261.448,1272.449,1701.488,2126.86,2684.244,2324.878,2647.574,2882.262,3105.949,3402.976,3725.672,3711.004,3736.673,4019.032,4059.369,2500.894,1481.468,799.406,601.388,168.682,161.348,113.677,44.004,55.005,110.01,69.673,80.674,84.341,84.341,84.341,73.34,73.34,73.34,102.676,388.702,429.039,535.382,627.057,550.05,700.397,227.354,14.668,,,,,
Andorra,AND,CO2 emissions from solid fuel consumption (kt),EN.ATM.CO2E.SF.KT,,,,,,,,,,,,,,,,,,,,,,,,,,,,,,,0,0,0,0,0,0,0,0,0,0,0,0,0,0,0,0,0,0,0,0,0,0,0,0,0,0,0,,,,,
Arab World,ARB,CO2 emissions from solid fuel consumption (kt),EN.ATM.CO2E.SF.KT,,,,,,,,,,,,,,,,,,,,,,,,,,,,,,,,,,,,,,,,,,,,,,,,,,,,,,,,,,,,,,
United Arab Emirates,ARE,CO2 emissions from solid fuel consumption (kt),EN.ATM.CO2E.SF.KT,0,0,0,0,0,0,0,0,0,0,0,0,0,0,0,0,0,0,0,0,0,0,0,0,0,0,0,0,0,0,0,0,0,0,0,0,0,0,0,0,0,69.673,359.366,421.705,476.71,550.05,1067.097,513.38,1378.792,1041.428,2478.892,1675.819,5243.81,6710.61,7484.347,6501.591,6985.635,,,,,
Argentina,ARG,CO2 emissions from solid fuel consumption (kt),EN.ATM.CO2E.SF.KT,3909.022,3542.322,2009.516,2306.543,2559.566,2603.57,2588.902,2940.934,2368.882,2592.569,3289.299,2929.933,2860.26,2882.262,3369.973,3597.327,3241.628,2706.246,3835.682,3604.661,2867.594,2959.269,2662.242,2192.866,2148.862,2775.919,3395.642,3780.677,4026.366,4147.377,3072.946,2691.578,2805.255,2302.876,3564.324,3703.67,3102.282,2779.586,2841.925,2156.196,1657.484,1290.784,1100.1,1991.181,2200.2,3270.964,3868.685,3663.333,3879.686,3234.294,3993.363,4726.763,5012.789,4235.385,4176.713,4008.031,3010.607,,,,,
Armenia,ARM,CO2 emissions from solid fuel consumption (kt),EN.ATM.CO2E.SF.KT,,,,,,,,,,,,,,,,,,,,,,,,,,,,,,,,,374.034,7.334,95.342,7.334,14.668,14.668,14.668,7.334,0,0,47.671,73.34,0,0,3.667,7.334,7.334,0,3.667,7.334,7.334,3.667,0,3.667,3.667,,,,,
American Samoa,ASM,CO2 emissions from solid fuel consumption (kt),EN.ATM.CO2E.SF.KT,,,,,,,,,,,,,,,,,,,,,,,,,,,,,,,,,,,,,,,,,,,,,,,,,,,,,,,,,,,,,,
Antigua and Barbuda,ATG,CO2 emissions from solid fuel consumption (kt),EN.ATM.CO2E.SF.KT,0,0,0,0,0,0,0,0,0,0,0,0,0,0,0,0,0,0,0,0,0,0,0,0,0,0,0,0,0,0,0,0,0,0,0,0,0,0,0,0,0,0,0,0,0,0,0,0,0,0,0,0,0,0,0,0,0,,,,,
Australia,AUS,CO2 emissions from solid fuel consumption (kt),EN.ATM.CO2E.SF.KT,58976.361,60021.456,61535.927,63780.131,67190.441,71117.798,71458.829,75466.86,76647.634,78041.094,74355.759,74322.756,77799.072,79779.252,85272.418,87014.243,88943.085,96258.75,104164.802,107402.763,118084.734,121242.021,123574.233,122389.792,128051.64,135800.011,134567.899,147512.409,150625.692,161923.719,143001.999,147563.747,151241.748,152459.192,151150.073,153188.925,166089.431,173867.138,185403.52,189660.907,189976.269,193544.26,198058.337,189440.887,196169.832,202733.762,209396.701,207390.852,208267.265,215168.559,206294.419,199070.429,195443.766,174835.226,163449.191,169199.047,172598.356,,,,,
Austria,AUT,CO2 emissions from solid fuel consumption (kt),EN.ATM.CO2E.SF.KT,18063.642,17674.94,18100.312,19614.783,18951.056,17979.301,16857.199,15764.433,15397.733,15339.061,17814.286,15060.369,15647.089,15867.109,16618.844,14576.325,14279.298,12552.141,12845.501,14447.98,14202.291,14653.332,14139.952,14407.643,16868.2,16670.182,14737.673,14811.013,14297.633,13857.593,15713.095,16439.161,12750.159,11441.04,11613.389,13215.868,13274.54,14106.949,12361.457,12302.785,13901.597,14334.303,14561.657,15639.755,15247.386,15295.057,15460.072,14690.002,14330.636,10975.331,13039.852,13252.538,12310.119,12530.139,11415.371,12266.115,11393.369,,,,,
Azerbaijan,AZE,CO2 emissions from solid fuel consumption (kt),EN.ATM.CO2E.SF.KT,,,,,,,,,,,,,,,,,,,,,,,,,,,,,,,,,66.006,11.001,3.667,14.668,14.668,14.668,3.667,0,0,0,0,0,0,0,0,22.002,14.668,14.668,22.002,18.335,14.668,11.001,7.334,11.001,3.667,,,,,
Burundi,BDI,CO2 emissions from solid fuel consumption (kt),EN.ATM.CO2E.SF.KT,,,0,0,0,0,0,0,0,0,0,0,0,0,0,0,0,0,3.667,3.667,7.334,7.334,14.668,18.335,18.335,14.668,18.335,25.669,18.335,18.335,14.668,14.668,18.335,18.335,18.335,18.335,18.335,18.335,18.335,7.334,7.334,11.001,11.001,7.334,7.334,7.334,14.668,11.001,14.668,14.668,18.335,11.001,29.336,22.002,14.668,7.334,14.668,,,,,
Belgium,BEL,CO2 emissions from solid fuel consumption (kt),EN.ATM.CO2E.SF.KT,67960.511,67043.761,68598.569,71341.485,65074.582,61887.959,58239.294,56919.174,58514.319,55932.751,49038.791,40439.676,42163.166,45276.449,48496.075,38510.834,41297.754,38862.866,43684.971,47142.952,47194.29,46248.204,45668.818,36662.666,42042.155,40744.037,36090.614,36482.983,33153.347,40098.645,38250.477,36182.289,33630.057,30439.767,32724.308,31382.186,30296.754,29189.32,29596.357,25837.682,29086.644,26651.756,23274.449,21906.658,21026.578,18657.696,17971.967,16046.792,16281.48,11316.362,13886.929,12915.174,11752.735,12394.46,11804.073,11481.377,10557.293,,,,,
Benin,BEN,CO2 emissions from solid fuel consumption (kt),EN.ATM.CO2E.SF.KT,0,0,0,0,0,0,0,0,0,0,0,0,0,0,0,0,0,0,0,0,0,0,0,0,0,0,0,0,0,0,0,0,0,0,0,0,0,0,0,0,0,0,0,0,0,0,0,0,0,0,0,0,0,0,187.017,110.01,319.029,,,,,
Burkina Faso,BFA,CO2 emissions from solid fuel consumption (kt),EN.ATM.CO2E.SF.KT,0,0,0,0,0,0,0,0,0,0,0,0,0,0,0,0,0,0,0,0,0,0,0,0,0,0,0,0,0,0,0,0,0,0,0,0,0,0,0,0,0,0,0,0,0,0,0,0,0,0,0,0,0,0,0,0,0,,,,,
Bangladesh,BGD,CO2 emissions from solid fuel consumption (kt),EN.ATM.CO2E.SF.KT,5892.869,5804.861,6189.896,6681.274,6523.593,6171.561,5331.818,5236.476,5680.183,5240.143,4880.777,4312.392,355.699,462.042,410.704,473.043,447.374,502.379,421.705,359.366,447.374,465.709,568.385,304.361,117.344,187.017,282.359,443.707,381.368,102.676,1070.764,341.031,322.696,121.011,99.009,1221.111,678.395,1228.445,352.032,176.016,1254.114,1331.121,1331.121,1367.791,1452.132,1606.146,1811.498,2211.201,2471.558,3017.941,3076.613,2838.258,3424.978,3751.341,3509.319,8613.783,6226.566,,,,,
Bulgaria,BGR,CO2 emissions from solid fuel consumption (kt),EN.ATM.CO2E.SF.KT,18639.361,21448.283,24748.583,26805.77,32144.922,33938.085,34774.161,37729.763,39328.575,41169.409,33153.347,32166.924,32834.318,33564.051,33164.348,34425.796,31741.552,31653.544,33919.75,35001.515,36603.994,37165.045,39141.558,39060.884,39181.895,41132.739,41037.397,41807.467,37938.782,38609.843,35932.933,29809.043,30260.084,32269.6,29471.679,29790.708,30007.061,30586.447,28760.281,25404.976,25170.288,28587.932,26120.041,28488.923,28239.567,26761.766,27007.455,30406.764,29618.359,24810.922,26710.428,32042.246,27425.493,23197.442,25008.94,25907.355,22339.364,,,,,
Bahrain,BHR,CO2 emissions from solid fuel consumption (kt),EN.ATM.CO2E.SF.KT,0,0,0,0,0,0,0,0,0,0,0,36.67,0,36.67,0,0,0,0,0,80.674,0,0,0,0,0,0,0,0,0,0,0,0,0,0,0,0,0,0,0,0,0,0,0,0,0,0,0,0,0,0,0,0,0,0,0,0,0,,,,,
"Bahamas, The",BHS,CO2 emissions from solid fuel consumption (kt),EN.ATM.CO2E.SF.KT,0,0,0,0,0,0,0,0,0,0,0,3.667,0,14.668,11.001,0,0,0,0,0,0,66.006,36.67,0,0,0,0,0,0,3.667,3.667,3.667,3.667,3.667,3.667,3.667,3.667,3.667,3.667,3.667,3.667,3.667,3.667,7.334,7.334,7.334,7.334,3.667,3.667,3.667,3.667,3.667,3.667,3.667,3.667,3.667,3.667,,,,,
Bosnia and Herzegovina,BIH,CO2 emissions from solid fuel consumption (kt),EN.ATM.CO2E.SF.KT,,,,,,,,,,,,,,,,,,,,,,,,,,,,,,,,,12596.145,10916.659,1177.107,1378.792,1998.515,6248.568,7964.724,7763.039,9717.55,9464.527,10461.951,10821.317,11100.009,11859.078,12907.84,12698.821,14587.326,15331.727,15885.444,18500.015,17249.568,17099.221,14561.657,13501.894,16164.136,,,,,
Belarus,BLR,CO2 emissions from solid fuel consumption (kt),EN.ATM.CO2E.SF.KT,,,,,,,,,,,,,,,,,,,,,,,,,,,,,,,,,7880.383,6838.955,5929.539,5309.816,5056.793,4176.713,4063.036,3248.962,3512.986,2959.269,2640.24,2599.903,2302.876,2273.54,2299.209,2207.534,2035.185,2071.855,2273.54,2317.544,2944.601,3146.286,3256.296,2929.933,3157.287,,,,,
Belize,BLZ,CO2 emissions from solid fuel consumption (kt),EN.ATM.CO2E.SF.KT,0,0,0,0,0,0,0,0,0,0,0,0,0,0,0,0,0,0,0,0,0,0,0,0,0,0,0,0,0,0,0,0,0,0,0,0,0,0,0,0,0,0,0,0,0,0,0,0,0,0,0,0,0,0,0,0,0,,,,,
Bermuda,BMU,CO2 emissions from solid fuel consumption (kt),EN.ATM.CO2E.SF.KT,0,0,0,0,0,0,0,0,0,0,0,0,0,0,0,3.667,0,0,0,0,0,0,0,0,0,0,0,0,0,0,0,0,0,0,0,0,0,0,0,0,0,0,0,0,0,0,0,0,0,0,0,0,0,0,0,0,0,,,,,
Bolivia,BOL,CO2 emissions from solid fuel consumption (kt),EN.ATM.CO2E.SF.KT,7.334,3.667,3.667,3.667,3.667,3.667,3.667,0,3.667,3.667,3.667,3.667,0,0,0,3.667,0,0,0,3.667,3.667,3.667,3.667,3.667,0,0,0,0,0,0,0,0,0,0,0,0,0,0,0,0,0,0,0,0,0,0,0,0,0,0,0,0,0,0,0,0,0,,,,,
Brazil,BRA,CO2 emissions from solid fuel consumption (kt),EN.ATM.CO2E.SF.KT,4968.785,4682.759,5672.849,5423.493,6175.228,6948.965,8371.761,8129.739,8540.443,9424.19,8910.81,8991.484,9380.186,9017.153,9548.868,11070.673,11529.048,15067.703,17722.611,18478.013,20003.485,19739.461,21569.294,23945.51,29020.638,34898.839,35151.862,40267.327,39808.952,39962.966,35749.583,41037.397,39442.252,40443.343,42115.495,44403.703,46893.596,47678.334,46607.57,48217.383,51249.992,50644.937,48826.105,52379.428,54480.619,52815.801,52269.418,55346.031,56006.091,44495.378,58543.655,64165.166,62944.055,68840.591,73666.363,74469.436,67318.786,,,,,
Barbados,BRB,CO2 emissions from solid fuel consumption (kt),EN.ATM.CO2E.SF.KT,3.667,3.667,3.667,0,0,0,3.667,3.667,0,0,0,0,0,0,0,0,0,0,0,0,0,0,0,0,0,0,0,0,0,0,0,0,0,0,0,0,0,0,0,0,0,0,0,0,0,0,0,0,0,0,0,0,0,0,0,0,0,,,,,
Brunei Darussalam,BRN,CO2 emissions from solid fuel consumption (kt),EN.ATM.CO2E.SF.KT,0,0,0,0,0,0,0,0,0,0,0,0,0,0,0,0,0,0,0,0,3.667,0,0,0,0,0,0,0,0,0,0,0,0,0,0,0,0,0,0,0,0,0,0,0,0,0,0,0,0,0,0,0,0,0,0,0,0,,,,,
Bhutan,BTN,CO2 emissions from solid fuel consumption (kt),EN.ATM.CO2E.SF.KT,,,,,,,,,,,0,0,0,0,0,0,0,0,0,3.667,3.667,3.667,3.667,3.667,0,0,0,44.004,47.671,0,47.671,47.671,80.674,44.004,62.339,77.007,91.675,187.017,179.683,176.016,176.016,146.68,168.682,110.01,25.669,99.009,84.341,80.674,113.677,58.672,77.007,95.342,139.346,194.351,253.023,212.686,311.695,,,,,
Botswana,BWA,CO2 emissions from solid fuel consumption (kt),EN.ATM.CO2E.SF.KT,,,,,,,,,,,,,22.002,51.338,88.008,187.017,594.054,781.071,832.409,942.419,986.423,1008.425,1100.1,1030.427,1045.095,1158.772,1067.097,1239.446,1301.785,1430.13,1749.159,1719.823,1947.177,1925.175,1954.511,1976.513,1587.811,1701.488,2024.184,1595.145,2053.52,2005.849,2090.19,1804.164,1983.847,2141.528,2093.857,1936.176,1954.511,1576.81,1991.181,1430.13,2328.545,2775.919,3846.683,2900.597,3575.325,,,,,
Canada,CAN,CO2 emissions from solid fuel consumption (kt),EN.ATM.CO2E.SF.KT,49676.849,45632.148,47069.612,46636.906,51961.39,54220.262,52625.117,57362.881,60626.511,59167.045,58862.684,55921.75,62206.988,52056.732,48547.413,61334.242,59148.71,65085.583,69566.657,76090.25,81238.718,83757.947,88517.713,93600.175,102998.696,99845.076,92562.414,99111.676,106493.347,106984.725,93867.866,98022.577,101689.577,93431.493,96299.087,98392.944,100497.802,106852.713,114018.031,113787.01,122188.107,121198.017,116452.919,114857.774,110604.054,113401.975,115594.841,114505.742,112437.554,88257.356,86970.239,77612.055,75529.199,69137.618,74990.15,70670.424,65862.987,,,,,
Switzerland,CHE,CO2 emissions from solid fuel consumption (kt),EN.ATM.CO2E.SF.KT,6882.959,5984.544,6255.902,7414.674,5177.804,4429.736,3567.991,2750.25,2412.886,2317.544,2156.196,1463.133,1301.785,1235.779,1045.095,773.737,737.067,946.086,883.747,891.081,1287.117,1917.841,1870.17,1954.511,2002.182,2002.182,1719.823,1609.813,1386.126,1378.792,1356.79,1151.438,810.407,671.061,682.062,722.399,546.383,421.705,348.365,359.366,513.38,546.383,498.712,509.713,487.711,553.717,550.05,649.059,590.387,546.383,550.05,513.38,465.709,476.71,546.383,502.379,443.707,,,,,
Channel Islands,CHI,CO2 emissions from solid fuel consumption (kt),EN.ATM.CO2E.SF.KT,,,,,,,,,,,,,,,,,,,,,,,,,,,,,,,,,,,,,,,,,,,,,,,,,,,,,,,,,,,,,,
Chile,CHL,CO2 emissions from solid fuel consumption (kt),EN.ATM.CO2E.SF.KT,4514.077,4444.404,4774.434,4605.752,4407.734,4363.73,4338.061,4558.081,4690.093,4734.097,4767.1,5155.802,4360.063,4675.425,4492.075,3571.658,3648.665,3854.017,3920.023,4250.053,5122.799,4935.782,3296.633,4044.701,5229.142,5060.46,5302.482,5236.476,7194.654,9893.566,10714.974,8635.785,7462.345,7634.694,9369.185,10318.938,14425.978,18621.026,17784.95,18533.018,14253.629,9270.176,9387.52,9251.841,10289.602,10260.266,12548.474,13017.85,16747.189,13443.222,16538.17,20865.23,23494.469,25415.977,24400.218,27183.471,27018.456,,,,,
China,CHN,CO2 emissions from solid fuel consumption (kt),EN.ATM.CO2E.SF.KT,748988.417,522903.199,412262.475,406457.614,401899.533,433347.725,470153.404,383912.898,413058.214,501586.928,666411.244,737030.33,771349.783,784385.968,776736.606,907380.815,911132.156,999426.182,1118361.66,1148489.732,1123583.468,1125923.014,1249878.615,1322925.255,1455388.296,1585808.818,1658745.448,1771718.384,1894247.522,1921808.694,1978302.496,2051598.492,2116449.387,2230570.094,2382537.908,2571857.784,2662579.364,2611692.405,2446772.747,2380440.384,2398390.349,2430843.299,2781045.466,3321997.639,3838428.583,4428012.51,4909390.601,4978938.923,5734164.907,5613696.623,6574171.931,7315771.343,7470918.446,7499587.052,7431146.164,7272926.115,6951652.911,,,,,
Cote d'Ivoire,CIV,CO2 emissions from solid fuel consumption (kt),EN.ATM.CO2E.SF.KT,0,0,0,0,0,0,0,0,0,0,0,0,0,0,0,0,0,0,0,0,0,0,0,0,0,0,0,0,0,0,0,0,0,0,0,0,0,0,0,0,0,0,0,0,0,0,0,0,0,0,0,0,0,0,0,0,0,,,,,
Cameroon,CMR,CO2 emissions from solid fuel consumption (kt),EN.ATM.CO2E.SF.KT,3.667,3.667,0,0,0,0,0,3.667,3.667,3.667,3.667,3.667,3.667,3.667,3.667,3.667,0,0,0,0,0,3.667,3.667,3.667,3.667,3.667,3.667,3.667,3.667,3.667,3.667,3.667,3.667,3.667,3.667,3.667,3.667,3.667,0,0,0,0,0,0,0,0,0,0,0,0,0,0,0,0,0,0,0,,,,,
"Congo, Dem. Rep.",COD,CO2 emissions from solid fuel consumption (kt),EN.ATM.CO2E.SF.KT,1041.428,1059.763,839.743,817.741,938.752,1180.774,909.416,949.753,740.734,887.414,788.405,876.413,850.744,828.742,832.409,671.061,876.413,887.414,843.41,748.068,843.41,861.745,825.075,806.74,825.075,821.408,839.743,850.744,931.418,843.41,891.081,0,0,0,0,0,0,0,0,0,0,0,0,0,0,0,0,0,0,0,0,0,0,0,0,0,0,,,,,
"Congo, Rep.",COG,CO2 emissions from solid fuel consumption (kt),EN.ATM.CO2E.SF.KT,0,0,0,0,0,0,0,0,0,0,0,0,0,0,0,0,0,0,0,0,0,0,0,0,0,0,0,0,0,0,0,0,0,0,0,0,0,0,0,0,0,0,0,0,0,0,0,0,0,0,0,0,0,0,0,0,0,,,,,
Colombia,COL,CO2 emissions from solid fuel consumption (kt),EN.ATM.CO2E.SF.KT,6684.941,7198.321,7711.701,8221.414,7711.701,7198.321,6424.584,7964.724,7964.724,8522.108,5812.195,6505.258,6695.942,7774.04,8316.756,8786.132,9226.172,9420.523,9904.567,11265.024,10307.937,10670.97,10997.333,12148.771,12005.758,12218.444,12049.762,12475.134,12559.475,12977.513,13894.263,12423.796,13677.91,14216.959,13622.905,14147.286,12522.805,12299.118,11697.73,9691.881,10234.597,10329.939,9273.843,10414.28,7286.329,10241.931,9358.184,8060.066,10777.313,11811.407,13483.559,13795.254,11551.05,13131.527,14623.996,19160.075,19471.77,,,,,
Comoros,COM,CO2 emissions from solid fuel consumption (kt),EN.ATM.CO2E.SF.KT,0,0,0,0,0,0,0,0,0,0,0,0,0,0,0,0,0,0,0,0,0,0,0,0,0,0,0,0,0,0,0,0,0,0,0,0,0,0,0,0,0,0,0,0,0,0,0,0,0,0,0,0,0,0,0,0,0,,,,,
Cabo Verde,CPV,CO2 emissions from solid fuel consumption (kt),EN.ATM.CO2E.SF.KT,0,0,0,0,0,0,0,0,0,0,0,0,0,0,0,0,0,0,0,0,0,0,0,0,0,0,0,0,0,0,0,0,0,0,0,0,0,0,0,0,0,0,0,0,0,0,0,0,0,0,0,0,0,0,0,0,0,,,,,
Costa Rica,CRI,CO2 emissions from solid fuel consumption (kt),EN.ATM.CO2E.SF.KT,0,0,0,0,0,0,0,0,0,0,0,0,0,0,0,0,0,0,0,0,0,0,0,0,0,0,0,0,0,0,0,0,0,0,0,0,0,0,0,0,0,117.344,201.685,381.368,308.028,128.345,146.68,297.027,293.36,253.023,231.021,341.031,297.027,304.361,304.361,275.025,300.694,,,,,
Caribbean small states,CSS,CO2 emissions from solid fuel consumption (kt),EN.ATM.CO2E.SF.KT,,,,,,,,,,,,,,,,,,,,,,,,,,,,,,,,,,,,,,,,,,,,,,,,,,,,,,,,,,,,,,
Cuba,CUB,CO2 emissions from solid fuel consumption (kt),EN.ATM.CO2E.SF.KT,113.677,425.372,124.678,187.017,238.355,242.022,168.682,245.689,154.014,183.35,172.349,139.346,139.346,121.011,124.678,150.347,128.345,234.688,242.022,201.685,253.023,253.023,344.698,238.355,267.691,275.025,264.024,282.359,304.361,443.707,550.05,374.034,172.349,220.02,234.688,216.353,69.673,73.34,88.008,91.675,84.341,66.006,69.673,99.009,102.676,77.007,25.669,73.34,91.675,88.008,77.007,11.001,14.668,36.67,3.667,22.002,7.334,,,,,
Curacao,CUW,CO2 emissions from solid fuel consumption (kt),EN.ATM.CO2E.SF.KT,,,,,,,,,,,,,,,,,,,,,,,,,,,,,,,,,,,,,,,,,,,,,,,,,,,,,0,0,0,0,0,,,,,
Cayman Islands,CYM,CO2 emissions from solid fuel consumption (kt),EN.ATM.CO2E.SF.KT,0,0,0,0,0,0,0,0,0,0,0,0,0,0,0,0,0,0,0,0,0,0,0,0,0,0,0,0,0,0,0,0,0,0,0,0,0,0,0,0,0,0,0,0,0,0,0,0,0,0,0,0,0,0,0,0,0,,,,,
Cyprus,CYP,CO2 emissions from solid fuel consumption (kt),EN.ATM.CO2E.SF.KT,0,0,0,0,0,0,3.667,0,3.667,3.667,0,3.667,7.334,3.667,0,0,0,0,0,0,0,0,0,0,139.346,198.018,146.68,399.703,242.022,198.018,256.69,256.69,69.673,80.674,73.34,51.338,47.671,51.338,69.673,80.674,128.345,143.013,139.346,139.346,154.014,139.346,143.013,132.012,106.343,55.005,69.673,33.003,0,0,11.001,14.668,0,,,,,
Czechia,CZE,CO2 emissions from solid fuel consumption (kt),EN.ATM.CO2E.SF.KT,,,,,,,,,,,,,,,,,,,,,,,,,,,,,,,,,101938.933,97149.831,90604.236,88609.388,87164.59,89163.105,82954.874,73083.31,86471.527,84223.656,80475.982,81964.784,75485.195,79020.183,81704.427,82668.848,76361.608,69419.977,72683.607,70996.787,67036.427,66028.002,61935.63,63182.41,63915.81,,,,,
Germany,DEU,CO2 emissions from solid fuel consumption (kt),EN.ATM.CO2E.SF.KT,,,,,,,,,,,,,,,,,,,,,,,,,,,,,,,,445782.522,405548.198,381195.651,370755.702,354525.56,352281.356,336109.886,327903.14,312281.72,328060.821,334852.105,326117.311,328387.184,330268.355,315967.055,329509.286,334448.735,311654.663,279557.412,306465.858,301618.084,309597.476,316190.742,308387.366,308486.375,298574.474,,,,,
Djibouti,DJI,CO2 emissions from solid fuel consumption (kt),EN.ATM.CO2E.SF.KT,0,0,0,0,0,0,0,0,0,0,0,0,0,0,0,0,0,0,0,0,0,0,0,0,0,0,0,0,0,0,0,0,0,0,0,0,0,0,0,0,0,0,0,0,0,0,0,0,0,0,0,0,0,0,0,0,0,,,,,
Dominica,DMA,CO2 emissions from solid fuel consumption (kt),EN.ATM.CO2E.SF.KT,0,0,0,0,0,0,0,0,0,0,0,0,0,0,0,0,0,0,0,0,0,0,0,0,0,0,0,0,0,0,0,0,0,0,0,0,0,0,0,0,0,0,0,0,0,0,0,0,0,0,0,0,0,0,0,0,0,,,,,
Denmark,DNK,CO2 emissions from solid fuel consumption (kt),EN.ATM.CO2E.SF.KT,14888.02,14469.982,15903.779,16131.133,14921.023,13732.915,14070.279,12577.81,12343.122,11507.046,9365.518,5742.522,5331.818,9075.825,8188.411,10839.652,12247.78,13740.249,12882.171,16303.482,22035.003,18103.979,22082.674,19981.483,21382.277,28026.881,27033.124,27491.499,25988.029,20513.198,23010.425,31572.87,25691.002,27663.848,29552.353,23795.163,34579.81,24477.225,22009.334,17799.618,15207.049,15973.452,16120.132,21503.288,16435.494,14198.624,20971.573,17550.262,15196.048,15185.047,14447.98,12269.782,9361.851,11437.373,9134.497,6549.262,7187.32,,,,,
Dominican Republic,DOM,CO2 emissions from solid fuel consumption (kt),EN.ATM.CO2E.SF.KT,3.667,3.667,0,3.667,3.667,3.667,3.667,3.667,3.667,3.667,3.667,3.667,3.667,3.667,3.667,3.667,3.667,3.667,0,0,0,0,0,0,0,0,73.34,616.056,256.69,696.73,25.669,150.347,370.367,319.029,275.025,293.36,341.031,370.367,718.732,619.723,245.689,539.049,619.723,2805.255,2064.521,1265.115,1870.17,1932.509,2112.192,2064.521,1851.835,2515.562,1987.514,2442.222,3197.624,2893.263,2874.928,,,,,
Algeria,DZA,CO2 emissions from solid fuel consumption (kt),EN.ATM.CO2E.SF.KT,1257.781,766.403,407.037,253.023,282.359,264.024,271.358,190.684,201.685,451.041,971.755,902.082,649.059,821.408,700.397,792.072,586.72,605.055,572.052,894.748,1609.813,1910.507,1976.513,3149.953,4030.033,3080.28,2728.248,2970.27,2977.604,2988.605,2944.601,2691.578,2379.883,1925.175,2288.208,1936.176,1408.128,1382.459,2112.192,2174.531,1969.179,2097.524,2610.904,2790.587,1925.175,2365.215,2702.579,3014.274,3010.607,1595.145,1217.444,1048.762,1037.761,726.066,546.383,502.379,0,,,,,
Ecuador,ECU,CO2 emissions from solid fuel consumption (kt),EN.ATM.CO2E.SF.KT,0,0,0,0,0,0,0,0,0,0,0,0,0,0,0,0,0,0,0,0,0,0,0,0,0,0,0,0,0,0,0,0,0,0,0,0,0,0,0,0,0,0,0,0,0,0,0,0,0,0,0,0,0,0,0,0,0,,,,,
"Egypt, Arab Rep.",EGY,CO2 emissions from solid fuel consumption (kt),EN.ATM.CO2E.SF.KT,414.371,781.071,707.731,707.731,1213.777,1026.76,674.728,1111.101,1155.105,1261.448,1228.445,916.75,938.752,898.415,1543.807,3564.324,2284.541,2541.231,1991.181,1818.832,1818.832,2896.93,3223.293,2258.872,2258.872,2277.207,2764.918,2926.266,2585.235,2834.591,3362.639,2698.912,2592.569,3417.644,3696.336,2453.223,3432.312,2852.926,2794.254,2508.228,3146.286,2750.25,2959.269,3065.612,3193.957,3069.279,2929.933,2918.932,2856.593,2691.578,4129.042,1701.488,1804.164,1701.488,1496.136,1345.789,1353.123,,,,,
Eritrea,ERI,CO2 emissions from solid fuel consumption (kt),EN.ATM.CO2E.SF.KT,,,,,,,,,,,,,,,,,,,,,,,,,,,,,,,,,,,0,0,0,0,0,0,0,0,0,0,0,0,0,0,0,0,0,0,0,0,0,0,0,,,,,
Spain,ESP,CO2 emissions from solid fuel consumption (kt),EN.ATM.CO2E.SF.KT,31822.226,33604.388,34543.14,34506.47,32570.294,34499.136,31946.904,32166.924,32760.978,32823.317,36409.643,35159.196,36215.292,35148.195,36780.01,41173.076,40648.695,44392.702,36259.296,42188.835,49291.814,56809.164,66350.698,69405.309,69573.991,75067.157,73501.348,70377.064,61040.882,75485.195,73556.353,76258.932,78169.439,70241.385,72027.214,72456.253,61748.613,69676.667,67175.773,75107.494,79680.243,72987.968,82393.823,76280.934,79735.248,78103.433,70054.368,75536.533,53791.223,40135.315,31033.821,47384.974,58290.632,41638.785,43461.284,50237.9,38928.872,,,,,
Estonia,EST,CO2 emissions from solid fuel consumption (kt),EN.ATM.CO2E.SF.KT,,,,,,,,,,,,,,,,,,,,,,,,,,,,,,,,,18217.656,14539.655,14092.281,13457.89,14037.276,13919.932,11958.087,10953.329,11408.037,11492.378,11199.018,13182.865,13179.198,12596.145,11991.09,14165.621,13091.19,11617.056,14921.023,15434.403,14418.644,16805.861,16134.8,14781.677,14403.976,,,,,
Ethiopia,ETH,CO2 emissions from solid fuel consumption (kt),EN.ATM.CO2E.SF.KT,25.669,25.669,22.002,25.669,3.667,25.669,25.669,3.667,14.668,25.669,0,0,0,0,0,0,0,0,0,0,0,0,0,0,0,0,0,0,0,0,0,0,0,0,0,0,0,0,0,0,0,0,0,0,0,0,0,0,40.337,110.01,132.012,451.041,594.054,773.737,1074.431,1092.766,1173.44,,,,,
Finland,FIN,CO2 emissions from solid fuel consumption (kt),EN.ATM.CO2E.SF.KT,7267.994,6237.567,6523.593,6926.963,8019.729,7231.324,6794.951,6600.6,7876.716,9453.526,8639.452,7785.041,8819.135,9794.557,9746.886,9002.485,12233.112,11771.07,15397.733,16479.498,20029.154,17528.26,12042.428,12838.167,15045.701,19046.398,17011.213,20344.516,19750.462,19020.729,20245.507,21235.597,18899.718,21103.585,26035.7,23432.13,28217.565,26299.724,21294.269,20652.544,19761.463,23703.488,25947.692,31422.523,29115.98,19248.083,28444.919,27957.208,21187.926,20230.839,27091.796,23193.775,18008.637,20087.826,17216.565,15896.445,17649.271,,,,,
Fiji,FJI,CO2 emissions from solid fuel consumption (kt),EN.ATM.CO2E.SF.KT,18.335,3.667,18.335,18.335,11.001,7.334,3.667,14.668,3.667,3.667,0,3.667,0,0,18.335,44.004,25.669,51.338,66.006,62.339,55.005,47.671,62.339,47.671,58.672,44.004,40.337,14.668,11.001,44.004,62.339,47.671,51.338,51.338,51.338,51.338,58.672,58.672,51.338,47.671,44.004,40.337,44.004,44.004,0,0,0,0,0,0,0,0,0,0,0,0,0,,,,,
France,FRA,CO2 emissions from solid fuel consumption (kt),EN.ATM.CO2E.SF.KT,180988.452,181875.866,186459.616,197676.969,190427.31,178274.872,164600.629,162048.397,155370.79,155590.81,146093.28,133115.767,117696.032,115598.508,115913.87,101663.908,119753.219,116742.612,114472.739,125011.697,125231.717,110237.354,113423.977,101025.85,97978.573,95584.022,78191.441,72129.89,73549.019,78415.128,74957.147,79243.87,69680.334,55745.734,55210.352,57516.895,62027.305,54425.614,64275.176,57450.889,55584.386,47146.619,50446.919,53303.512,51081.31,52823.135,49005.788,50776.949,48422.735,42181.501,45221.444,38661.181,42702.215,46508.561,34539.473,,,,,,,
Faroe Islands,FRO,CO2 emissions from solid fuel consumption (kt),EN.ATM.CO2E.SF.KT,3.667,7.334,3.667,11.001,7.334,7.334,7.334,3.667,3.667,3.667,3.667,3.667,3.667,0,0,0,0,0,0,0,0,0,0,0,0,0,0,0,0,0,0,0,0,0,0,0,0,0,0,0,0,0,0,0,0,0,0,0,0,0,0,0,0,0,0,0,0,,,,,
"Micronesia, Fed. Sts.",FSM,CO2 emissions from solid fuel consumption (kt),EN.ATM.CO2E.SF.KT,,,,,,,,,,,,,,,,,,,,,,,,,,,,,,,,,0,0,0,0,0,0,0,0,0,0,0,0,0,0,0,0,0,0,0,0,0,0,0,0,0,,,,,
Gabon,GAB,CO2 emissions from solid fuel consumption (kt),EN.ATM.CO2E.SF.KT,0,0,0,0,0,0,0,0,0,0,0,0,0,0,0,0,0,0,0,0,0,0,0,0,0,0,0,0,0,0,0,0,0,0,0,0,0,0,0,0,0,0,0,0,0,0,0,0,0,0,0,0,0,0,0,0,0,,,,,
United Kingdom,GBR,CO2 emissions from solid fuel consumption (kt),EN.ATM.CO2E.SF.KT,448419.095,443241.291,437667.451,439662.299,426589.444,422614.416,403674.361,368782.856,370601.688,368247.474,353190.772,341691.06,293385.669,296091.915,263580.293,276414.793,275182.681,271302.995,259348.575,281790.615,260921.718,261618.448,244944.599,247427.158,177691.819,234493.649,248677.605,259495.255,249972.056,246081.369,236125.464,236682.848,224900.777,197291.934,185799.556,175795.98,165026.001,149147.891,145836.59,130229.838,137380.488,146404.975,134729.247,144890.504,140666.12,143372.366,155821.831,146947.691,135902.687,111891.171,116280.57,114769.766,145642.239,141208.836,114509.409,90435.554,45012.425,,,,,
Georgia,GEO,CO2 emissions from solid fuel consumption (kt),EN.ATM.CO2E.SF.KT,,,,,,,,,,,,,,,,,,,,,,,,,,,,,,,,,968.088,638.058,337.364,157.681,161.348,29.336,77.007,62.339,58.672,55.005,55.005,113.677,172.349,179.683,179.683,381.368,454.708,509.713,799.406,1078.098,1180.774,1206.443,1136.77,1081.765,1012.092,,,,,
Ghana,GHA,CO2 emissions from solid fuel consumption (kt),EN.ATM.CO2E.SF.KT,165.015,154.014,91.675,113.677,121.011,73.34,143.013,80.674,62.339,51.338,84.341,14.668,14.668,29.336,7.334,14.668,29.336,3.667,3.667,3.667,3.667,3.667,3.667,3.667,3.667,3.667,3.667,7.334,7.334,7.334,7.334,7.334,7.334,7.334,7.334,7.334,7.334,7.334,0,0,0,0,0,0,0,0,0,0,0,0,0,0,0,0,0,0,0,,,,,
Gibraltar,GIB,CO2 emissions from solid fuel consumption (kt),EN.ATM.CO2E.SF.KT,0,3.667,3.667,3.667,0,0,0,0,0,0,0,0,0,0,0,0,0,0,0,0,0,0,0,0,0,0,0,0,0,0,0,0,0,0,0,0,0,0,0,0,0,0,0,0,0,0,0,0,0,0,0,0,0,0,0,0,0,,,,,
Guinea,GIN,CO2 emissions from solid fuel consumption (kt),EN.ATM.CO2E.SF.KT,0,0,0,0,0,0,0,0,0,0,0,0,0,0,0,0,0,0,0,0,0,0,0,0,0,0,0,0,0,0,0,0,0,0,0,0,0,0,0,0,0,0,0,0,0,0,0,0,0,0,0,0,0,0,0,0,0,,,,,
"Gambia, The",GMB,CO2 emissions from solid fuel consumption (kt),EN.ATM.CO2E.SF.KT,0,0,0,0,0,0,0,0,0,0,0,0,0,0,0,0,0,0,0,0,0,0,0,0,0,0,0,0,0,0,0,0,0,0,0,0,0,0,0,0,0,0,0,0,0,0,0,0,0,0,0,0,0,0,0,0,0,,,,,
Guinea-Bissau,GNB,CO2 emissions from solid fuel consumption (kt),EN.ATM.CO2E.SF.KT,0,0,0,0,0,0,0,0,0,0,0,0,0,0,0,0,0,0,0,0,0,0,0,0,0,0,0,0,0,0,0,0,0,0,0,0,0,0,0,0,0,0,0,0,0,0,0,0,0,0,0,0,0,0,0,0,0,,,,,
Equatorial Guinea,GNQ,CO2 emissions from solid fuel consumption (kt),EN.ATM.CO2E.SF.KT,0,0,0,0,0,0,0,0,0,0,0,0,0,0,0,0,0,0,0,0,0,0,0,0,0,0,0,0,0,0,0,0,0,0,0,0,0,0,0,0,0,0,0,0,0,0,0,0,0,0,0,0,0,0,0,0,0,,,,,
Greece,GRC,CO2 emissions from solid fuel consumption (kt),EN.ATM.CO2E.SF.KT,3120.617,3285.632,3300.3,4374.731,4939.449,6380.58,6310.907,6318.241,6659.272,8001.394,5705.852,6695.942,6970.967,8500.106,8998.818,11364.033,13413.886,13802.588,11936.085,13556.899,12841.834,14286.632,15566.415,19182.077,20623.208,23765.827,24367.215,26552.747,29119.647,31433.524,31741.552,30571.779,32089.917,32155.923,33344.031,33010.334,31239.173,33655.726,35126.193,33714.398,35588.235,36644.331,35401.218,35129.86,35885.262,35298.542,33292.693,34887.838,32797.648,33296.36,31011.819,31136.497,32122.92,27564.839,26413.401,22130.345,17238.567,,,,,
Grenada,GRD,CO2 emissions from solid fuel consumption (kt),EN.ATM.CO2E.SF.KT,0,0,0,0,0,0,0,0,0,0,0,0,0,0,0,0,0,0,0,0,0,0,0,0,0,0,0,0,0,0,0,0,0,0,0,0,0,0,0,0,0,0,0,0,0,0,0,0,0,0,0,0,0,0,0,0,0,,,,,
Greenland,GRL,CO2 emissions from solid fuel consumption (kt),EN.ATM.CO2E.SF.KT,121.011,121.011,110.01,143.013,91.675,77.007,106.343,121.011,102.676,80.674,77.007,73.34,18.335,40.337,22.002,0,11.001,0,7.334,7.334,3.667,3.667,3.667,3.667,3.667,0,0,0,0,0,0,0,0,0,0,0,0,0,0,0,0,0,0,0,0,0,0,0,0,0,0,0,0,0,0,0,0,,,,,
Guatemala,GTM,CO2 emissions from solid fuel consumption (kt),EN.ATM.CO2E.SF.KT,0,0,0,0,0,0,0,0,0,0,0,0,0,0,0,0,0,0,0,0,0,0,0,0,0,0,0,0,0,0,0,0,0,0,0,0,0,0,0,40.337,572.052,531.715,1034.094,979.089,1129.436,1562.142,1690.487,1188.108,1184.441,770.07,1287.117,1290.784,1514.471,2280.874,2471.558,3538.655,4158.378,,,,,
Guam,GUM,CO2 emissions from solid fuel consumption (kt),EN.ATM.CO2E.SF.KT,,,,,,,,,,,,,,,,,,,,,,,,,,,,,,,,,,,,,,,,,,,,,,,,,,,,,,,,,,,,,,
Guyana,GUY,CO2 emissions from solid fuel consumption (kt),EN.ATM.CO2E.SF.KT,0,0,0,0,0,0,0,0,0,0,0,0,0,0,0,0,0,0,0,0,0,0,0,0,0,0,0,0,0,0,0,0,0,0,0,0,0,0,0,0,0,0,0,0,0,0,0,0,0,0,0,0,0,0,0,0,0,,,,,
"Hong Kong SAR, China",HKG,CO2 emissions from solid fuel consumption (kt),EN.ATM.CO2E.SF.KT,418.038,451.041,410.704,359.366,333.697,330.03,282.359,231.021,168.682,102.676,62.339,77.007,55.005,22.002,33.003,25.669,40.337,33.003,29.336,29.336,18.335,113.677,2907.931,6692.275,9061.157,11217.353,12981.18,16263.145,18808.043,20146.498,18125.981,19552.444,20729.551,24011.516,17150.559,18489.014,13740.249,11591.387,14323.302,11708.731,14473.649,15152.044,19677.122,25078.613,23190.108,25485.65,25258.296,27627.178,25984.362,27135.8,23608.146,28085.553,27649.18,29471.679,30876.14,25393.975,25393.975,,,,,
Honduras,HND,CO2 emissions from solid fuel consumption (kt),EN.ATM.CO2E.SF.KT,0,0,0,0,0,0,0,0,0,0,0,0,0,0,0,0,0,0,0,0,0,0,0,0,0,0,0,0,0,0,0,0,0,0,0,0,0,0,3.667,150.347,359.366,326.363,374.034,447.374,462.042,487.711,330.03,326.363,447.374,440.04,557.384,663.727,707.731,689.396,568.385,300.694,436.373,,,,,
Croatia,HRV,CO2 emissions from solid fuel consumption (kt),EN.ATM.CO2E.SF.KT,,,,,,,,,,,,,,,,,,,,,,,,,,,,,,,,,1653.817,1367.791,861.745,667.394,550.05,927.751,887.414,784.738,1609.813,1837.167,2214.868,2464.224,2555.899,2629.239,2372.549,2618.238,2636.573,1969.179,2581.568,2676.91,2398.218,2563.233,2456.89,2299.209,2471.558,,,,,
Haiti,HTI,CO2 emissions from solid fuel consumption (kt),EN.ATM.CO2E.SF.KT,0,0,0,0,0,0,0,0,0,0,0,0,0,0,0,0,0,0,0,0,0,0,99.009,150.347,157.681,161.348,47.671,47.671,80.674,33.003,33.003,66.006,69.673,0,0,0,0,0,0,0,0,0,0,0,0,0,0,0,0,0,0,0,0,0,0,0,0,,,,,
Hungary,HUN,CO2 emissions from solid fuel consumption (kt),EN.ATM.CO2E.SF.KT,36519.653,39057.217,39577.931,43948.995,48045.034,45885.171,44253.356,39064.551,38536.503,37337.394,46200.533,42251.174,40461.678,40025.305,38587.841,37157.711,37520.744,36802.012,38078.128,37759.099,36677.334,37722.429,38650.18,37025.699,36868.018,36537.988,35507.561,35808.255,32977.331,30916.477,24095.857,23696.154,20546.201,19138.073,18635.694,18213.989,18661.363,18081.977,16739.855,16274.146,15144.71,14051.944,14172.955,14682.668,13355.214,11998.424,12185.441,12405.461,12141.437,10087.917,10846.986,11030.336,10637.967,9339.849,8800.8,9295.845,8870.473,,,,,
Indonesia,IDN,CO2 emissions from solid fuel consumption (kt),EN.ATM.CO2E.SF.KT,1822.499,1529.139,1301.785,1595.145,1206.443,762.736,898.415,619.723,473.043,561.051,432.706,553.717,524.381,355.699,440.04,546.383,447.374,509.713,546.383,652.726,707.731,792.072,861.745,1199.109,1884.838,3674.334,8063.733,8225.081,6919.629,6285.238,6952.632,13531.23,12519.138,21327.272,26670.091,25195.957,27583.174,29413.007,32100.918,37198.048,42016.486,58866.351,63259.417,65756.644,77733.066,88642.391,111469.466,128781.373,173254.749,173559.11,129426.765,184743.46,192183.803,79401.551,41488.438,153478.618,213852.106,,,,,
Isle of Man,IMN,CO2 emissions from solid fuel consumption (kt),EN.ATM.CO2E.SF.KT,,,,,,,,,,,,,,,,,,,,,,,,,,,,,,,,,,,,,,,,,,,,,,,,,,,,,,,,,,,,,,
India,IND,CO2 emissions from solid fuel consumption (kt),EN.ATM.CO2E.SF.KT,97208.503,104956.874,114227.05,122144.103,117167.984,128818.043,129404.763,131740.642,136973.451,136463.738,136669.09,140449.767,148641.845,152440.857,161102.311,178465.556,186855.652,196356.849,193236.232,199800.162,218289.176,232634.48,235751.43,257207.047,256073.944,280184.469,302175.468,322846.347,350847.559,375687.817,405430.854,434774.188,455096.702,479108.218,504106.157,521810.433,558066.062,583753.397,579774.702,620042.029,633701.604,643881.196,662153.857,692344.268,741104.367,798071.212,855698.117,931927.713,1007497.249,1088420.605,1093532.403,1210839.733,1363548.281,1326152.215,1487808.243,1488152.941,1516605.194,,,,,
Ireland,IRL,CO2 emissions from solid fuel consumption (kt),EN.ATM.CO2E.SF.KT,7601.691,8313.089,8236.082,7880.383,7887.717,6666.606,7425.675,7649.362,8870.473,8412.098,8155.408,8228.748,7719.035,7099.312,7451.344,6787.617,6937.964,7418.341,6156.893,7715.368,7414.674,7920.72,8360.76,9226.172,8753.129,10153.923,11155.014,14227.96,14524.987,14565.324,13179.198,13028.851,12728.157,12060.763,11444.707,11246.689,11474.043,11184.35,11166.015,9460.86,10113.586,10601.297,10333.606,10296.936,9457.193,10608.631,9486.529,9262.842,9171.167,8283.753,8071.067,7550.353,9002.485,7818.044,7686.032,8423.099,8060.066,,,,,
"Iran, Islamic Rep.",IRN,CO2 emissions from solid fuel consumption (kt),EN.ATM.CO2E.SF.KT,612.389,524.381,542.716,605.055,726.066,755.402,755.402,770.07,788.405,1301.785,1261.448,1430.13,2427.554,2665.909,3039.943,2618.238,2328.545,2335.879,2537.564,2409.219,2434.888,1928.842,2999.606,2753.917,3274.631,3428.645,3582.659,3655.999,3707.337,3058.278,2695.245,3846.683,3388.308,4136.376,4176.713,3912.689,4092.372,4198.715,4888.111,4979.786,5331.818,4143.71,4668.091,5192.472,4998.121,6090.887,5988.211,6582.265,5863.533,4396.733,5452.829,5317.15,4132.709,4121.708,3593.66,4305.058,3454.314,,,,,
Iraq,IRQ,CO2 emissions from solid fuel consumption (kt),EN.ATM.CO2E.SF.KT,7.334,3.667,3.667,3.667,3.667,3.667,3.667,3.667,3.667,3.667,3.667,11.001,7.334,3.667,11.001,3.667,3.667,3.667,3.667,3.667,3.667,3.667,3.667,3.667,3.667,3.667,3.667,3.667,3.667,3.667,3.667,3.667,0,0,0,0,0,0,0,0,0,0,0,0,0,0,0,0,0,0,0,0,0,0,0,0,0,,,,,
Iceland,ISL,CO2 emissions from solid fuel consumption (kt),EN.ATM.CO2E.SF.KT,58.672,44.004,44.004,29.336,33.003,18.335,14.668,11.001,11.001,3.667,3.667,3.667,3.667,3.667,0,0,0,0,0,51.338,66.006,110.01,113.677,165.015,231.021,245.689,275.025,220.02,227.354,234.688,242.022,245.689,176.016,172.349,256.69,209.019,242.022,212.686,249.356,216.353,370.367,352.032,366.7,344.698,388.702,377.701,337.364,403.37,355.699,322.696,341.031,344.698,352.032,370.367,330.03,352.032,374.034,,,,,
Israel,ISR,CO2 emissions from solid fuel consumption (kt),EN.ATM.CO2E.SF.KT,121.011,113.677,117.344,55.005,73.34,22.002,18.335,18.335,25.669,25.669,18.335,22.002,18.335,11.001,11.001,14.668,14.668,14.668,14.668,14.668,14.668,14.668,2409.219,4473.74,7124.981,7788.708,8544.11,8672.455,8646.786,9215.171,9959.572,10868.988,13380.883,15122.708,16028.457,17564.93,20923.902,23065.43,24810.922,24227.869,28224.899,30608.449,29280.995,29750.371,30069.4,27847.198,29944.722,30333.424,29607.358,27110.131,28092.887,29024.305,32603.297,26736.097,24880.595,25107.949,20850.562,,,,,
Italy,ITA,CO2 emissions from solid fuel consumption (kt),EN.ATM.CO2E.SF.KT,27905.87,30194.078,31899.233,32771.979,27803.194,30560.778,31697.548,35210.534,32779.313,32933.327,32907.658,30733.127,29145.316,29442.343,31701.215,30630.451,30986.15,31393.187,35569.9,40160.984,44950.086,47810.346,49882.201,44517.38,54704.306,59445.737,53329.181,55668.727,52735.127,52199.745,55551.383,52320.756,46255.538,40421.341,43310.937,46394.884,42643.543,43116.586,44832.742,44631.057,47619.662,50813.619,51877.049,56237.112,62947.722,62533.351,63211.746,63688.456,61807.285,48250.386,53739.885,60259.811,61675.273,51363.669,49621.844,,,,,,,
Jamaica,JAM,CO2 emissions from solid fuel consumption (kt),EN.ATM.CO2E.SF.KT,0,3.667,3.667,3.667,3.667,3.667,3.667,3.667,3.667,3.667,3.667,3.667,3.667,3.667,3.667,3.667,3.667,0,0,3.667,3.667,3.667,0,0,0,0,0,0,0,0,139.346,135.679,176.016,146.68,139.346,146.68,168.682,179.683,187.017,190.684,190.684,139.346,234.688,227.354,176.016,154.014,73.34,95.342,128.345,135.679,113.677,212.686,194.351,234.688,275.025,260.357,194.351,,,,,
Jordan,JOR,CO2 emissions from solid fuel consumption (kt),EN.ATM.CO2E.SF.KT,0,0,0,0,0,0,0,0,0,0,0,0,0,0,0,0,0,0,0,0,0,0,0,0,0,0,0,0,0,0,0,0,0,0,0,0,0,0,0,0,0,0,0,0,0,0,0,0,0,0,0,0,0,832.409,1316.453,682.062,854.411,,,,,
Japan,JPN,CO2 emissions from solid fuel consumption (kt),EN.ATM.CO2E.SF.KT,139257.992,160995.968,154340.363,155466.132,160339.575,165884.079,170588.84,181648.512,200284.206,221204.441,229451.524,206554.776,200379.548,214559.837,229378.184,213595.416,208553.291,204688.273,174882.897,191094.704,224482.739,247559.17,242828.74,229983.239,260390.003,272010.726,257676.423,250599.113,278739.671,277331.543,290008.362,297573.383,291306.48,293143.647,313836.528,325460.918,335519.499,346065.791,325207.895,350297.509,367261.051,374488.708,391272.567,402801.615,440051.001,419603.809,425331.663,443835.345,433820.768,387257.202,438848.225,409761.581,425166.648,462793.735,447318.995,447473.009,433780.431,,,,,
Kazakhstan,KAZ,CO2 emissions from solid fuel consumption (kt),EN.ATM.CO2E.SF.KT,,,,,,,,,,,,,,,,,,,,,,,,,,,,,,,,,156005.181,142770.978,133772.16,110860.744,98304.936,82522.168,82929.205,77835.742,74894.808,80820.68,82764.19,89830.499,105723.277,107318.422,115338.151,122760.159,132074.339,121773.736,131219.928,143720.731,143904.081,142426.28,140721.125,130075.824,134127.859,,,,,
Kenya,KEN,CO2 emissions from solid fuel consumption (kt),EN.ATM.CO2E.SF.KT,113.677,99.009,117.344,113.677,91.675,146.68,128.345,132.012,110.01,84.341,220.02,216.353,106.343,187.017,176.016,121.011,168.682,168.682,139.346,44.004,47.671,238.355,88.008,245.689,315.362,231.021,227.354,245.689,300.694,352.032,403.37,352.032,421.705,352.032,293.36,370.367,352.032,245.689,198.018,194.351,176.016,176.016,264.024,245.689,286.026,333.697,443.707,399.703,410.704,366.7,627.057,1015.759,909.416,1004.758,1246.78,1323.787,1305.452,,,,,
Kyrgyz Republic,KGZ,CO2 emissions from solid fuel consumption (kt),EN.ATM.CO2E.SF.KT,,,,,,,,,,,,,,,,,,,,,,,,,,,,,,,,,3817.347,3439.646,3424.978,1246.78,1855.502,1943.51,1939.843,1917.841,1866.503,1228.445,1987.514,2409.219,2365.215,2321.211,2225.869,2306.543,3193.957,2753.917,2684.244,2867.594,4019.032,3578.992,4506.743,4341.728,3483.65,,,,,
Cambodia,KHM,CO2 emissions from solid fuel consumption (kt),EN.ATM.CO2E.SF.KT,0,0,0,0,33.003,73.34,99.009,36.67,95.342,33.003,33.003,25.669,14.668,0,0,0,0,0,0,0,0,0,0,0,0,0,0,0,0,0,0,0,0,0,0,0,0,0,0,0,0,0,0,0,0,0,0,0,0,29.336,51.338,58.672,62.339,205.352,957.087,2317.544,2684.244,,,,,
Kiribati,KIR,CO2 emissions from solid fuel consumption (kt),EN.ATM.CO2E.SF.KT,,0,0,0,0,0,0,0,0,0,0,0,0,0,0,0,0,0,0,0,0,0,0,0,0,0,0,0,0,0,0,0,0,0,0,0,0,0,0,0,0,0,0,0,0,0,0,0,0,0,0,0,0,0,0,0,0,,,,,
St. Kitts and Nevis,KNA,CO2 emissions from solid fuel consumption (kt),EN.ATM.CO2E.SF.KT,0,0,0,0,0,0,0,0,0,0,0,0,0,0,0,0,0,0,0,0,0,0,0,0,0,0,0,0,0,0,0,0,0,0,0,0,0,0,0,0,0,0,0,0,0,0,0,0,0,0,0,0,0,0,0,0,0,,,,,
"Korea, Rep.",KOR,CO2 emissions from solid fuel consumption (kt),EN.ATM.CO2E.SF.KT,10245.598,11910.416,13930.933,16787.526,18349.668,19651.453,22544.716,23428.463,20062.157,20047.489,23300.118,23560.475,24539.564,28782.283,29559.687,30703.791,33824.408,37091.705,36380.307,46039.185,49464.163,55126.011,57359.214,61458.92,75250.507,89397.793,88103.342,89742.491,98620.298,97853.895,94850.622,96515.44,86959.238,97182.834,100494.135,105033.881,110912.082,122587.81,124791.677,130680.879,160236.899,170526.501,178043.851,184035.729,192403.823,187112.342,199532.471,213573.414,239037.062,245740.338,279656.421,304900.049,292498.255,296047.911,308618.387,308270.022,309945.841,,,,,
Kuwait,KWT,CO2 emissions from solid fuel consumption (kt),EN.ATM.CO2E.SF.KT,0,0,0,0,0,0,0,0,0,0,0,0,0,0,0,0,0,0,0,0,0,0,0,0,0,0,0,0,0,0,0,0,0,0,0,0,0,0,0,0,0,0,0,0,0,0,0,0,0,0,0,0,0,0,0,0,0,,,,,
Lao PDR,LAO,CO2 emissions from solid fuel consumption (kt),EN.ATM.CO2E.SF.KT,0,0,0,0,0,0,0,0,0,0,0,0,0,0,0,0,0,0,0,0,0,0,0,0,0,0,0,3.667,3.667,3.667,3.667,3.667,7.334,14.668,18.335,22.002,51.338,95.342,69.673,14.668,40.337,51.338,80.674,102.676,121.011,135.679,187.017,212.686,297.027,352.032,638.058,751.735,784.738,1136.77,1191.775,5155.802,13846.592,,,,,
Lebanon,LBN,CO2 emissions from solid fuel consumption (kt),EN.ATM.CO2E.SF.KT,11.001,3.667,7.334,22.002,29.336,25.669,11.001,3.667,11.001,25.669,11.001,11.001,18.335,36.67,25.669,25.669,14.668,14.668,14.668,14.668,14.668,14.668,7.334,0,0,0,0,0,0,0,0,0,0,278.692,282.359,476.71,564.718,575.719,502.379,506.046,502.379,502.379,502.379,502.379,502.379,502.379,502.379,502.379,502.379,502.379,564.718,627.057,627.057,502.379,627.057,634.391,645.392,,,,,
Liberia,LBR,CO2 emissions from solid fuel consumption (kt),EN.ATM.CO2E.SF.KT,0,0,0,0,0,0,0,0,0,0,0,0,0,0,0,0,0,0,0,0,0,0,0,0,0,0,0,0,0,0,0,0,0,0,0,0,0,0,0,0,0,0,0,0,0,0,0,0,0,0,0,0,0,0,0,0,0,,,,,
Libya,LBY,CO2 emissions from solid fuel consumption (kt),EN.ATM.CO2E.SF.KT,88.008,102.676,14.668,25.669,3.667,18.335,0,3.667,11.001,3.667,0,3.667,3.667,0,0,0,0,0,0,0,3.667,3.667,3.667,3.667,3.667,3.667,3.667,3.667,3.667,11.001,14.668,14.668,14.668,11.001,14.668,14.668,14.668,14.668,0,0,0,0,0,0,0,0,3.667,0,0,0,0,0,0,0,0,0,0,,,,,
St. Lucia,LCA,CO2 emissions from solid fuel consumption (kt),EN.ATM.CO2E.SF.KT,0,0,0,0,0,0,0,0,0,0,0,0,0,0,0,0,0,0,0,0,0,0,0,0,0,0,0,0,0,0,0,0,0,0,0,0,0,0,0,0,0,0,0,0,0,0,0,0,0,0,0,0,0,0,0,0,0,,,,,
Liechtenstein,LIE,CO2 emissions from solid fuel consumption (kt),EN.ATM.CO2E.SF.KT,,,,,,,,,,,,,,,,,,,,,,,,,,,,,,,,,,,,,,,,,,,,,,,,0,0,0,0,0,0,0,0,0,0,,,,,
Sri Lanka,LKA,CO2 emissions from solid fuel consumption (kt),EN.ATM.CO2E.SF.KT,689.396,374.034,377.701,388.702,469.376,370.367,84.341,370.367,113.677,62.339,58.672,36.67,3.667,22.002,22.002,11.001,11.001,3.667,29.336,3.667,3.667,3.667,88.008,77.007,7.334,7.334,3.667,0,0,3.667,3.667,7.334,3.667,3.667,7.334,3.667,3.667,7.334,3.667,3.667,3.667,3.667,3.667,231.021,231.021,231.021,227.354,161.348,220.02,223.687,227.354,1133.103,1921.508,2020.517,3883.353,5221.808,5529.836,,,,,
Lesotho,LSO,CO2 emissions from solid fuel consumption (kt),EN.ATM.CO2E.SF.KT,,,,,,,,,,,,,,,,,,,,,,,,,,,,,,,1140.437,1195.442,1246.78,1287.117,1327.454,1353.123,1382.459,1408.128,1433.797,1452.132,1470.467,1492.469,1514.471,1543.807,1573.143,1598.812,1628.148,1653.817,1683.153,1712.489,1752.826,1778.495,1804.164,1833.5,1859.169,1708.822,1708.822,,,,,
Lithuania,LTU,CO2 emissions from solid fuel consumption (kt),EN.ATM.CO2E.SF.KT,,,,,,,,,,,,,,,,,,,,,,,,,,,,,,,,,1826.166,1631.815,1353.123,1078.098,986.423,788.405,671.061,564.718,377.701,341.031,557.384,715.065,696.73,766.403,1045.095,982.756,832.409,652.726,803.073,916.75,898.415,1026.76,869.079,693.063,704.064,,,,,
Luxembourg,LUX,CO2 emissions from solid fuel consumption (kt),EN.ATM.CO2E.SF.KT,10762.645,10703.973,10238.264,9618.541,10128.254,9614.874,8672.455,8122.405,8705.458,9255.508,9493.863,8800.8,8676.122,8595.448,9233.506,7014.971,6626.269,5694.851,6472.255,7102.979,6915.962,5639.846,5210.807,4789.102,5449.162,5434.494,4957.784,4026.366,4158.378,4356.396,4294.057,4052.035,3828.348,3942.025,3432.312,1947.177,1840.834,1184.441,425.372,429.039,476.71,520.714,311.695,242.022,348.365,333.697,396.036,326.363,315.362,289.693,286.026,220.02,205.352,179.683,201.685,187.017,201.685,,,,,
Latvia,LVA,CO2 emissions from solid fuel consumption (kt),EN.ATM.CO2E.SF.KT,,,,,,,,,,,,,,,,,,,,,,,,,,,,,,,,,2068.188,1888.505,1415.462,1012.092,949.753,843.41,619.723,480.377,498.712,469.376,377.701,330.03,256.69,311.695,322.696,407.037,403.37,326.363,410.704,418.038,348.365,300.694,227.354,176.016,154.014,,,,,
"Macao SAR, China",MAC,CO2 emissions from solid fuel consumption (kt),EN.ATM.CO2E.SF.KT,14.668,18.335,14.668,18.335,14.668,11.001,11.001,11.001,11.001,7.334,14.668,7.334,3.667,3.667,3.667,7.334,3.667,3.667,3.667,0,11.001,3.667,3.667,3.667,3.667,0,0,0,0,0,0,0,0,0,0,0,0,0,0,0,0,0,0,0,0,0,0,0,0,3.667,0,0,0,0,0,0,0,,,,,
St. Martin (French part),MAF,CO2 emissions from solid fuel consumption (kt),EN.ATM.CO2E.SF.KT,,,,,,,,,,,,,,,,,,,,,,,,,,,,,,,,,,,,,,,,,,,,,,,,,,,,,,,,,,,,,,
Morocco,MAR,CO2 emissions from solid fuel consumption (kt),EN.ATM.CO2E.SF.KT,876.413,865.412,792.072,847.077,993.757,773.737,1191.775,1184.441,1063.43,1059.763,1210.11,1272.449,1587.811,1565.809,1554.808,1767.494,1914.174,1807.831,1826.166,1774.828,1705.155,1804.164,2016.85,2497.227,2148.862,2456.89,4022.699,4525.078,4433.403,4781.768,4224.384,4877.11,4187.714,4767.1,5313.483,6318.241,8056.399,7689.699,8577.113,8302.088,10036.579,12783.162,13116.859,12244.113,13699.912,14095.948,14712.004,15089.705,14132.618,13179.198,13234.203,11474.043,11470.376,11221.02,15313.392,16857.199,16248.477,,,,,
Monaco,MCO,CO2 emissions from solid fuel consumption (kt),EN.ATM.CO2E.SF.KT,,,,,,,,,,,,,,,,,,,,,,,,,,,,,,,,,,,,,,,,,,,,,,,,,,,,,,,,,,,,,,
Moldova,MDA,CO2 emissions from solid fuel consumption (kt),EN.ATM.CO2E.SF.KT,,,,,,,,,,,,,,,,,,,,,,,,,,,,,,,,,4011.698,3839.349,3700.003,2247.871,1983.847,997.424,982.756,447.374,366.7,260.357,278.692,337.364,319.029,286.026,344.698,168.682,326.363,348.365,326.363,333.697,414.371,553.717,352.032,370.367,271.358,,,,,
Madagascar,MDG,CO2 emissions from solid fuel consumption (kt),EN.ATM.CO2E.SF.KT,47.671,14.668,14.668,40.337,33.003,40.337,40.337,44.004,55.005,51.338,55.005,62.339,55.005,33.003,36.67,51.338,55.005,44.004,33.003,69.673,66.006,73.34,73.34,73.34,18.335,11.001,47.671,33.003,51.338,33.003,33.003,33.003,33.003,36.67,33.003,25.669,25.669,33.003,33.003,22.002,25.669,25.669,25.669,25.669,25.669,44.004,40.337,25.669,33.003,36.67,106.343,407.037,696.73,1129.436,1019.426,1052.429,1052.429,,,,,
Maldives,MDV,CO2 emissions from solid fuel consumption (kt),EN.ATM.CO2E.SF.KT,,,,,,,,,,,,0,0,0,0,0,0,0,0,0,0,0,0,0,0,0,0,0,0,0,0,0,0,0,0,0,0,0,0,0,0,0,0,0,0,0,0,0,0,0,0,0,0,0,0,0,0,,,,,
Mexico,MEX,CO2 emissions from solid fuel consumption (kt),EN.ATM.CO2E.SF.KT,3494.651,3578.992,3722.005,4081.371,4239.052,4074.037,4437.07,5020.123,5819.529,6211.898,6772.949,7433.009,8159.075,9039.155,11147.68,11213.686,11690.396,12537.473,15812.104,17308.24,10670.97,8566.112,10344.607,10659.969,10575.628,12904.173,12427.463,11602.388,11063.339,12339.455,15907.446,15522.411,14818.347,18217.656,20263.842,22284.359,25217.959,25595.66,26288.723,26024.699,26721.429,30663.454,34730.157,42493.196,37913.113,46845.925,50329.575,45877.837,40817.377,40846.713,51095.978,56086.765,49262.478,50017.88,48983.786,44150.68,47659.999,,,,,
Marshall Islands,MHL,CO2 emissions from solid fuel consumption (kt),EN.ATM.CO2E.SF.KT,,,,,,,,,,,,,,,,,,,,,,,,,,,,,,,0,0,0,0,0,0,0,0,0,0,0,0,0,0,0,0,0,0,0,0,0,0,0,0,0,0,0,,,,,
North Macedonia,MKD,CO2 emissions from solid fuel consumption (kt),EN.ATM.CO2E.SF.KT,,,,,,,,,,,,,,,,,,,,,,,,,,,,,,,,,7623.693,7583.356,7909.719,8148.074,7924.387,7403.673,9614.874,8701.791,8826.469,9218.838,7898.718,8243.416,8085.735,8008.728,7455.011,5727.854,5940.54,5280.48,5229.142,5823.196,5529.836,4561.748,4319.726,3751.341,3417.644,,,,,
Mali,MLI,CO2 emissions from solid fuel consumption (kt),EN.ATM.CO2E.SF.KT,0,0,0,0,0,0,0,0,0,0,0,0,0,0,0,0,0,0,0,0,0,0,0,0,0,0,0,0,0,0,0,0,0,0,0,0,0,0,0,0,0,0,0,0,0,0,0,0,0,0,0,0,0,0,0,0,0,,,,,
Malta,MLT,CO2 emissions from solid fuel consumption (kt),EN.ATM.CO2E.SF.KT,7.334,7.334,7.334,7.334,11.001,3.667,7.334,3.667,7.334,3.667,3.667,0,0,3.667,3.667,0,0,0,0,0,3.667,3.667,62.339,139.346,249.356,495.045,330.03,410.704,553.717,685.729,678.395,550.05,465.709,678.395,458.375,124.678,0,0,0,0,0,0,0,0,0,0,0,0,0,0,0,0,0,0,0,0,0,,,,,
Myanmar,MMR,CO2 emissions from solid fuel consumption (kt),EN.ATM.CO2E.SF.KT,938.752,707.731,916.75,575.719,594.054,370.367,253.023,550.05,220.02,498.712,583.053,601.388,381.368,201.685,436.373,671.061,436.373,344.698,447.374,143.013,154.014,205.352,271.358,242.022,267.691,289.693,187.017,146.68,121.011,187.017,275.025,289.693,121.011,51.338,40.337,66.006,47.671,51.338,55.005,366.7,1360.457,1565.809,1235.779,601.388,729.733,586.72,953.42,821.408,649.059,608.722,1232.112,1664.818,1705.155,1144.104,1158.772,927.751,1210.11,,,,,
Montenegro,MNE,CO2 emissions from solid fuel consumption (kt),EN.ATM.CO2E.SF.KT,,,,,,,,,,,,,,,,,,,,,,,,,,,,,,,,,,,,,,,,,,,,,,1664.818,1257.781,1023.093,1510.804,817.741,1624.481,1675.819,1507.137,1455.799,1419.129,1496.136,1184.441,,,,,
Mongolia,MNG,CO2 emissions from solid fuel consumption (kt),EN.ATM.CO2E.SF.KT,799.406,887.414,1422.796,1026.76,1411.795,1342.122,1338.455,1437.464,1701.488,1877.504,1980.18,2090.19,2247.871,2335.879,2504.561,2790.587,3025.275,3527.654,4030.033,4462.739,4913.78,4536.079,4506.743,4723.096,5489.499,6593.266,7055.308,7697.033,8661.454,7854.714,7311.998,10179.592,9204.17,7601.691,6805.952,6846.289,6838.955,6527.26,6439.252,6303.573,6138.558,6358.578,6780.283,6387.914,6798.618,6816.953,7378.004,9578.204,9347.183,10652.635,11188.017,18217.656,31422.523,39819.953,26035.7,19710.125,22101.009,,,,,
Northern Mariana Islands,MNP,CO2 emissions from solid fuel consumption (kt),EN.ATM.CO2E.SF.KT,,,,,,,,,,,,,,,,,,,,,,,,,,,,,,,,,,,,,,,,,,,,,,,,,,,,,,,,,,,,,,
Mozambique,MOZ,CO2 emissions from solid fuel consumption (kt),EN.ATM.CO2E.SF.KT,1338.455,1499.803,1521.805,1360.457,1342.122,1268.782,1162.439,1111.101,1481.468,1642.816,1543.807,1661.151,1426.463,1558.475,1496.136,1371.458,1323.787,832.409,656.393,612.389,766.403,781.071,645.392,480.377,333.697,282.359,176.016,168.682,172.349,168.682,154.014,165.015,157.681,157.681,157.681,150.347,66.006,66.006,0,0,0,0,0,0,0,0,0,25.669,25.669,25.669,25.669,124.678,40.337,36.67,825.075,429.039,51.338,,,,,
Mauritania,MRT,CO2 emissions from solid fuel consumption (kt),EN.ATM.CO2E.SF.KT,0,0,0,0,0,0,0,0,0,7.334,33.003,14.668,14.668,14.668,14.668,14.668,14.668,14.668,14.668,18.335,14.668,14.668,18.335,18.335,18.335,18.335,14.668,14.668,14.668,14.668,14.668,14.668,14.668,14.668,14.668,11.001,7.334,3.667,3.667,0,0,0,0,0,0,0,0,0,0,0,0,0,0,0,0,0,0,,,,,
Mauritius,MUS,CO2 emissions from solid fuel consumption (kt),EN.ATM.CO2E.SF.KT,7.334,14.668,7.334,3.667,3.667,3.667,7.334,0,3.667,3.667,0,3.667,3.667,3.667,3.667,0,3.667,3.667,3.667,3.667,3.667,3.667,3.667,36.67,62.339,95.342,121.011,99.009,110.01,198.018,198.018,176.016,190.684,168.682,91.675,168.682,110.01,121.011,161.348,322.696,594.054,689.396,737.067,751.735,667.394,850.744,1136.77,1323.787,1543.807,1411.795,1573.143,1507.137,1587.811,1672.152,1738.158,1686.82,1716.156,,,,,
Malawi,MWI,CO2 emissions from solid fuel consumption (kt),EN.ATM.CO2E.SF.KT,,,,,165.015,179.683,209.019,143.013,128.345,84.341,117.344,121.011,139.346,150.347,139.346,187.017,165.015,150.347,146.68,91.675,172.349,128.345,161.348,117.344,110.01,88.008,73.34,73.34,44.004,29.336,179.683,165.015,168.682,179.683,179.683,176.016,187.017,190.684,187.017,143.013,168.682,121.011,179.683,168.682,161.348,157.681,157.681,157.681,150.347,139.346,168.682,245.689,216.353,220.02,201.685,227.354,216.353,,,,,
Malaysia,MYS,CO2 emissions from solid fuel consumption (kt),EN.ATM.CO2E.SF.KT,91.675,99.009,88.008,91.675,77.007,58.672,62.339,47.671,47.671,58.672,62.339,154.014,33.003,128.345,161.348,69.673,95.342,117.344,91.675,135.679,205.352,385.035,355.699,993.757,1092.766,1441.131,1063.43,1301.785,1162.439,4807.437,5416.159,6076.219,6329.242,5390.49,6237.567,6336.576,7744.704,6380.58,6288.905,5210.807,7880.383,9937.57,12555.808,18228.657,31745.219,26131.042,26648.089,29959.39,38067.127,46629.572,55382.701,55588.053,59918.78,58037.609,57912.931,66372.7,71777.858,,,,,
Namibia,NAM,CO2 emissions from solid fuel consumption (kt),EN.ATM.CO2E.SF.KT,,,,,,,,,,,,,,,,,,,,,,,,,,,,,,,40.337,40.337,33.003,238.355,264.024,44.004,36.67,29.336,29.336,14.668,7.334,11.001,3.667,22.002,3.667,51.338,168.682,157.681,850.744,396.036,278.692,69.673,275.025,106.343,69.673,77.007,139.346,,,,,
New Caledonia,NCL,CO2 emissions from solid fuel consumption (kt),EN.ATM.CO2E.SF.KT,682.062,663.727,374.034,436.373,740.734,792.072,916.75,858.078,924.084,777.404,1059.763,916.75,322.696,275.025,333.697,271.358,198.018,249.356,117.344,234.688,319.029,216.353,172.349,256.69,275.025,469.376,465.709,410.704,451.041,550.05,436.373,465.709,322.696,418.038,535.382,495.045,667.394,300.694,319.029,293.36,652.726,663.727,707.731,803.073,718.732,667.394,726.066,627.057,641.725,726.066,1210.11,1162.439,1254.114,1232.112,1789.496,1881.171,2427.554,,,,,
Niger,NER,CO2 emissions from solid fuel consumption (kt),EN.ATM.CO2E.SF.KT,0,0,0,0,0,0,0,0,0,0,0,0,0,0,0,0,0,0,0,0,51.338,80.674,121.011,344.698,399.703,399.703,330.03,436.373,410.704,454.708,223.687,227.354,194.351,227.354,227.354,249.356,264.024,234.688,264.024,242.022,227.354,234.688,264.024,275.025,352.032,256.69,264.024,231.021,271.358,278.692,330.03,370.367,385.035,341.031,399.703,333.697,359.366,,,,,
Nigeria,NGA,CO2 emissions from solid fuel consumption (kt),EN.ATM.CO2E.SF.KT,1448.465,1477.801,1598.812,1422.796,1727.157,1873.837,1694.154,740.734,7.334,58.672,172.349,550.05,858.078,803.073,773.737,594.054,766.403,704.064,542.716,458.375,476.71,286.026,161.348,154.014,201.685,370.367,297.027,205.352,161.348,143.013,165.015,190.684,139.346,22.002,66.006,51.338,22.002,25.669,33.003,44.004,7.334,7.334,113.677,62.339,22.002,22.002,22.002,62.339,84.341,91.675,102.676,84.341,128.345,117.344,121.011,124.678,121.011,,,,,
Nicaragua,NIC,CO2 emissions from solid fuel consumption (kt),EN.ATM.CO2E.SF.KT,0,0,0,0,0,0,0,0,0,0,0,0,0,0,0,0,0,0,0,0,0,0,0,0,0,0,0,0,0,0,0,0,0,0,0,0,0,0,0,0,0,0,0,0,0,0,0,0,0,0,0,0,0,0,0,0,0,,,,,
Netherlands,NLD,CO2 emissions from solid fuel consumption (kt),EN.ATM.CO2E.SF.KT,40832.045,40333.333,42295.178,43556.626,38158.802,35272.873,32489.62,29757.705,27333.818,24187.532,18819.044,13080.189,10351.941,10340.94,11078.007,8522.108,9233.506,9794.557,11019.335,11727.066,12706.155,14730.339,12849.168,20271.176,25283.965,25280.298,23402.794,25536.988,28353.244,30619.45,29889.717,27557.505,27803.194,27638.179,30223.414,32973.664,31752.553,29266.327,29060.975,25646.998,25415.977,24642.24,28485.256,29618.359,28906.961,28023.214,27124.799,26593.084,26673.758,24821.923,25309.634,27410.825,30168.409,29658.696,33259.69,40619.359,37836.106,,,,,
Norway,NOR,CO2 emissions from solid fuel consumption (kt),EN.ATM.CO2E.SF.KT,3010.607,2823.59,3105.949,2691.578,2922.599,3336.97,3281.965,3193.957,3175.622,3604.661,3589.993,3465.315,3087.614,2698.912,3263.63,3003.273,3402.976,2658.575,2933.6,3670.667,3828.348,3571.658,3593.66,3593.66,4363.73,4448.071,3964.027,3766.009,3744.007,3700.003,3274.631,2977.604,2911.598,3226.96,3744.007,3887.02,3817.347,3898.021,4066.703,4030.033,3982.362,3578.992,3080.28,2995.939,3516.653,2948.268,2698.912,3054.611,3259.963,2126.86,2907.931,3208.625,3098.615,2940.934,3223.293,3113.283,2874.928,,,,,
Nepal,NPL,CO2 emissions from solid fuel consumption (kt),EN.ATM.CO2E.SF.KT,0,0,0,0,25.669,33.003,33.003,51.338,62.339,62.339,25.669,33.003,62.339,205.352,212.686,124.678,22.002,51.338,44.004,190.684,205.352,102.676,110.01,110.01,267.691,212.686,139.346,231.021,234.688,216.353,179.683,300.694,282.359,311.695,341.031,744.401,744.401,810.407,304.361,1111.101,979.089,1118.435,520.714,663.727,586.72,938.752,590.387,748.068,748.068,704.064,1103.767,1114.768,832.409,1041.428,1837.167,2115.859,2614.571,,,,,
Nauru,NRU,CO2 emissions from solid fuel consumption (kt),EN.ATM.CO2E.SF.KT,,,,,0,0,0,0,0,0,0,0,0,0,0,0,0,0,0,0,0,0,0,0,0,0,0,0,0,0,0,0,0,0,0,0,0,0,0,0,0,0,0,0,0,0,0,0,0,0,0,0,0,0,0,0,0,,,,,
New Zealand,NZL,CO2 emissions from solid fuel consumption (kt),EN.ATM.CO2E.SF.KT,6600.6,6439.252,5625.178,6024.881,6343.91,5845.198,5830.53,5188.805,4844.107,5075.128,4979.786,4543.413,4664.424,5331.818,5588.508,5254.811,5383.156,5218.141,4363.73,3766.009,4011.698,3986.029,4011.698,4319.726,4253.72,4015.365,3490.984,4143.71,4950.45,4184.047,4569.082,4132.709,3685.335,5192.472,4602.085,4462.739,3652.332,4543.413,4407.734,4866.109,4433.403,5452.829,4470.073,6912.295,8236.082,8518.441,7642.028,6556.596,7561.354,5830.53,5192.472,5680.183,6439.252,5665.515,5507.834,5379.489,4532.412,,,,,
Oman,OMN,CO2 emissions from solid fuel consumption (kt),EN.ATM.CO2E.SF.KT,,,,,0,0,0,0,0,0,0,0,0,0,0,0,0,0,0,0,0,0,0,0,0,0,0,0,0,0,0,0,0,0,0,0,0,0,0,0,0,0,0,0,0,0,0,0,0,0,0,0,0,0,0,0,0,,,,,
Pakistan,PAK,CO2 emissions from solid fuel consumption (kt),EN.ATM.CO2E.SF.KT,5892.869,5804.861,6189.896,6681.274,6523.593,6171.561,5331.818,5236.476,5680.183,5240.143,4880.777,4312.392,2515.562,2434.888,2295.542,2368.882,2020.517,2310.21,2357.881,2625.572,3487.317,3619.329,4642.422,4158.378,4811.104,5801.194,6274.237,6442.919,7113.98,7088.311,8536.776,8030.73,8368.094,8470.77,9215.171,8338.758,9365.518,8580.78,8188.411,8599.115,8195.745,8049.065,10087.917,13204.867,16919.538,16204.473,17704.276,23127.769,18925.387,18525.684,17440.252,17179.895,14708.337,13670.576,18859.381,19292.087,24682.577,,,,,
Panama,PAN,CO2 emissions from solid fuel consumption (kt),EN.ATM.CO2E.SF.KT,0,0,0,0,0,0,3.667,7.334,3.667,11.001,0,3.667,22.002,33.003,11.001,3.667,0,0,0,0,3.667,7.334,7.334,7.334,25.669,-113.677,22.002,91.675,69.673,29.336,91.675,128.345,128.345,139.346,143.013,95.342,264.024,150.347,157.681,157.681,157.681,168.682,154.014,0,3.667,806.74,546.383,535.382,73.34,150.347,0,630.724,858.078,905.749,935.085,938.752,832.409,,,,,
Peru,PER,CO2 emissions from solid fuel consumption (kt),EN.ATM.CO2E.SF.KT,352.032,432.706,407.037,319.029,337.364,297.027,377.701,421.705,421.705,748.068,465.709,480.377,432.706,583.053,586.72,715.065,476.71,561.051,476.71,524.381,524.381,539.049,594.054,480.377,381.368,704.064,663.727,601.388,975.422,689.396,542.716,968.088,1048.762,1580.477,1246.78,1393.46,1316.453,1265.115,1466.8,1411.795,1972.846,2060.854,2797.921,2768.585,3252.629,3421.311,2871.261,3608.328,3391.975,3058.278,3303.967,3131.618,2900.597,3373.64,3050.944,3091.281,3215.959,,,,,
Philippines,PHL,CO2 emissions from solid fuel consumption (kt),EN.ATM.CO2E.SF.KT,179.683,179.683,212.686,201.685,150.347,150.347,135.679,106.343,88.008,77.007,84.341,77.007,77.007,62.339,113.677,150.347,172.349,722.399,883.747,1100.1,1349.456,1294.451,1609.813,2200.2,3564.324,3641.331,2933.6,3457.981,3938.358,3333.303,3608.328,4132.709,4228.051,4195.048,4184.047,4697.427,5907.537,6794.951,6864.624,11884.747,16314.483,16376.822,14308.634,14869.685,16112.798,18789.708,17795.951,21906.658,25474.649,24682.577,28254.235,31041.155,32471.285,40058.308,42764.554,46457.223,45991.514,,,,,
Palau,PLW,CO2 emissions from solid fuel consumption (kt),EN.ATM.CO2E.SF.KT,0,0,0,0,0,0,0,0,0,0,0,0,0,0,0,0,0,0,0,0,0,0,0,0,0,0,0,0,0,0,0,0,0,0,0,0,0,0,0,0,0,0,0,0,0,0,0,0,0,0,0,0,0,0,0,0,0,,,,,
Papua New Guinea,PNG,CO2 emissions from solid fuel consumption (kt),EN.ATM.CO2E.SF.KT,0,0,0,0,0,0,0,0,0,0,0,0,0,0,0,0,0,0,0,0,0,0,0,0,0,3.667,3.667,3.667,3.667,3.667,3.667,3.667,3.667,3.667,3.667,3.667,3.667,3.667,3.667,0,0,0,0,0,0,0,0,0,0,0,0,0,0,0,0,0,0,,,,,
Poland,POL,CO2 emissions from solid fuel consumption (kt),EN.ATM.CO2E.SF.KT,189022.849,194941.387,202425.734,215648.936,224823.77,225777.19,229121.494,232858.167,244533.895,258380.487,261699.122,268046.699,281174.559,281405.58,289168.619,310283.205,327452.099,342156.769,352127.342,359134.979,381210.319,336725.942,350022.484,351030.909,366450.644,379332.815,383377.516,395056.911,377873.349,356216.047,307554.957,302131.464,294573.777,290969.116,268516.075,274287.933,280562.17,272707.456,247229.14,236198.804,219147.254,218993.24,214050.124,217687.788,214171.135,211164.195,223001.271,215854.288,213430.401,200049.518,213529.41,211893.928,197005.908,206584.112,191395.398,187838.408,191399.065,,,,,
Pre-demographic dividend,PRE,CO2 emissions from solid fuel consumption (kt),EN.ATM.CO2E.SF.KT,,,,,,,,,,,,,,,,,,,,,,,,,,,,,,,,,,,,,,,,,,,,,,,,,,,,,,,,,,,,,,
Puerto Rico,PRI,CO2 emissions from solid fuel consumption (kt),EN.ATM.CO2E.SF.KT,,,,,,,,,,,,,,,,,,,,,,,,,,,,,,,,,,,,,,,,,,,,,,,,,,,,,,,,,,,,,,
"Korea, Dem. People's Rep.",PRK,CO2 emissions from solid fuel consumption (kt),EN.ATM.CO2E.SF.KT,22079.007,24469.891,28356.911,30344.425,33168.015,41979.816,45298.451,49871.2,55943.752,60538.503,69053.277,103064.702,84766.372,92184.713,95664.696,100695.82,103266.387,106687.698,99342.697,100164.105,103266.387,103163.711,105411.582,113427.644,122364.123,131428.947,142041.245,156870.593,181857.531,192308.481,107864.805,104637.845,91106.615,83537.927,76849.319,70395.399,60454.162,59339.394,53530.866,59929.781,64227.505,66163.681,63072.4,64586.871,66119.677,69856.35,71627.511,58543.655,65246.931,48573.082,45166.439,31129.163,32628.966,21774.646,25404.976,19094.069,21690.305,,,,,
Portugal,PRT,CO2 emissions from solid fuel consumption (kt),EN.ATM.CO2E.SF.KT,2365.215,2742.916,2610.904,2944.601,3190.29,3193.957,3245.295,2841.925,2588.902,2731.915,3010.607,2343.213,1642.816,2148.862,1785.829,1639.149,1316.453,1254.114,1690.487,1683.153,1628.148,1426.463,1210.11,1606.146,1591.478,2867.594,5471.164,6956.299,7920.72,9570.87,10355.608,11056.005,11210.019,12020.426,12669.485,13538.564,12977.513,13281.874,11785.738,14389.308,14363.639,12185.441,13182.865,12449.465,12885.838,12772.161,12438.464,10942.328,9710.216,10751.644,6303.573,8379.095,11133.012,10051.247,10164.924,12357.79,10795.648,,,,,
Paraguay,PRY,CO2 emissions from solid fuel consumption (kt),EN.ATM.CO2E.SF.KT,0,0,0,0,0,0,0,0,0,0,0,0,0,0,0,0,0,0,0,0,0,0,0,0,0,0,0,0,0,0,0,0,0,0,0,0,0,0,0,0,0,0,0,0,0,0,0,0,0,0,0,3.667,3.667,0,0,11.001,3.667,,,,,
West Bank and Gaza,PSE,CO2 emissions from solid fuel consumption (kt),EN.ATM.CO2E.SF.KT,,,,,,,,,,,,,,,,,,,,,,,,,,,,,,,0,0,0,0,0,0,0,0,0,0,0,0,0,0,0,0,0,0,0,0,0,0,0,0,0,0,0,,,,,
French Polynesia,PYF,CO2 emissions from solid fuel consumption (kt),EN.ATM.CO2E.SF.KT,0,0,0,0,0,0,0,0,0,0,0,0,0,0,0,0,0,0,0,0,0,0,0,0,0,0,0,0,0,0,0,0,0,0,0,0,0,0,0,0,0,0,0,0,0,0,0,0,0,0,0,0,0,0,0,0,0,,,,,
Qatar,QAT,CO2 emissions from solid fuel consumption (kt),EN.ATM.CO2E.SF.KT,0,0,0,0,0,0,0,0,0,0,0,0,0,0,0,0,0,0,0,0,0,0,0,0,0,0,0,0,0,0,0,0,0,0,0,0,0,0,0,0,0,0,0,0,0,0,0,0,0,0,0,0,0,0,0,0,0,,,,,
Romania,ROU,CO2 emissions from solid fuel consumption (kt),EN.ATM.CO2E.SF.KT,15203.382,15969.785,18632.027,19966.815,20971.573,22306.361,24275.54,26468.406,29915.386,33949.086,32742.643,33010.334,35452.556,39970.3,41792.799,44026.002,43871.988,44748.401,50234.233,54044.246,53545.534,58730.672,56607.479,66361.699,66790.738,70861.108,71147.134,75375.185,81968.451,83640.603,47876.352,38411.825,41913.81,36695.669,38078.128,38628.178,37953.45,34077.431,27924.205,26761.766,29167.318,31638.876,32779.313,34495.469,34693.487,34792.496,38074.461,39698.942,36670,29699.033,27462.163,32236.597,29853.047,22563.051,22464.042,23362.457,20773.555,,,,,
Russian Federation,RUS,CO2 emissions from solid fuel consumption (kt),EN.ATM.CO2E.SF.KT,972030.025,957483.036,953082.636,990090,1021365.843,1057489.46,1094214.465,1103466.306,1092692.66,1108618.441,1181819.095,1206578.679,1243648.382,1257021.931,1260358.901,1298910.072,1334560.646,1356797.334,1349569.677,1352217.251,1425095.209,1293772.605,1312199.28,1304142.881,1297853.976,1478882.765,1520825.911,1525020.959,1543014.928,1466774.331,1235885.343,1102754.908,616584.048,550717.394,517087.337,498000.602,503999.814,453560.229,427652.874,459244.079,464322.874,446673.603,448158.738,449801.554,438092.823,433637.418,449379.849,428719.971,453912.261,368599.506,394580.201,400502.406,456845.861,421646.328,404847.801,453090.853,441708.485,,,,,
Rwanda,RWA,CO2 emissions from solid fuel consumption (kt),EN.ATM.CO2E.SF.KT,0,7.334,0,0,0,0,0,0,0,0,0,0,0,0,0,0,0,0,0,0,0,0,0,0,0,0,0,0,0,0,0,0,0,0,0,0,0,0,0,0,0,0,0,0,0,0,0,0,0,0,0,0,0,0,0,0,0,,,,,
Saudi Arabia,SAU,CO2 emissions from solid fuel consumption (kt),EN.ATM.CO2E.SF.KT,0,0,0,0,0,0,0,0,0,0,0,0,0,0,0,0,0,0,0,0,0,0,0,0,0,0,0,0,0,0,0,0,0,0,0,0,0,0,0,0,0,0,0,0,0,0,0,0,0,0,0,0,0,0,0,0,0,,,,,
Sudan,SDN,CO2 emissions from solid fuel consumption (kt),EN.ATM.CO2E.SF.KT,33.003,44.004,25.669,51.338,0,18.335,3.667,3.667,3.667,3.667,3.667,3.667,0,3.667,0,0,0,0,0,0,0,0,0,0,0,0,0,0,0,0,0,0,0,0,0,0,0,0,0,0,0,0,0,0,0,0,0,0,0,0,0,0,0,0,0,0,0,,,,,
Senegal,SEN,CO2 emissions from solid fuel consumption (kt),EN.ATM.CO2E.SF.KT,0,0,0,0,0,0,0,0,0,0,0,0,0,0,0,0,0,0,0,0,0,0,0,0,0,0,0,0,0,0,0,0,0,0,0,0,0,0,0,0,0,0,271.358,282.359,370.367,370.367,447.374,707.731,597.721,740.734,674.728,942.419,817.741,821.408,1133.103,1422.796,1730.824,,,,,
Singapore,SGP,CO2 emissions from solid fuel consumption (kt),EN.ATM.CO2E.SF.KT,11.001,7.334,29.336,22.002,22.002,11.001,14.668,7.334,22.002,7.334,11.001,14.668,11.001,14.668,18.335,3.667,11.001,14.668,14.668,3.667,11.001,18.335,7.334,11.001,22.002,44.004,25.669,40.337,47.671,44.004,77.007,44.004,66.006,73.34,88.008,40.337,0,0,0,0,0,0,0,33.003,40.337,11.001,14.668,25.669,18.335,14.668,25.669,25.669,102.676,1136.77,1675.819,1752.826,1833.5,,,,,
Solomon Islands,SLB,CO2 emissions from solid fuel consumption (kt),EN.ATM.CO2E.SF.KT,0,0,0,0,0,0,0,0,0,0,0,0,0,0,0,0,0,0,0,0,0,0,0,0,0,0,0,0,0,0,0,0,0,0,0,0,0,0,0,0,0,0,0,0,0,0,0,0,0,0,0,0,0,0,0,0,0,,,,,
Sierra Leone,SLE,CO2 emissions from solid fuel consumption (kt),EN.ATM.CO2E.SF.KT,29.336,29.336,44.004,14.668,0,11.001,0,0,0,0,0,0,0,0,0,0,0,0,0,0,0,0,0,0,0,0,0,0,0,0,0,0,0,0,0,0,0,0,0,0,0,0,14.668,0,0,0,0,0,0,0,0,0,0,0,0,0,0,,,,,
El Salvador,SLV,CO2 emissions from solid fuel consumption (kt),EN.ATM.CO2E.SF.KT,0,0,0,0,0,0,0,0,0,0,0,0,0,0,0,0,0,0,0,0,0,0,0,0,0,0,0,0,0,0,0,0,0,3.667,3.667,3.667,3.667,3.667,3.667,3.667,3.667,3.667,3.667,3.667,3.667,3.667,3.667,0,0,0,0,0,0,0,0,0,0,,,,,
San Marino,SMR,CO2 emissions from solid fuel consumption (kt),EN.ATM.CO2E.SF.KT,,,,,,,,,,,,,,,,,,,,,,,,,,,,,,,,,,,,,,,,,,,,,,,,,,,,,,,,,,,,,,
Somalia,SOM,CO2 emissions from solid fuel consumption (kt),EN.ATM.CO2E.SF.KT,0,0,0,0,0,0,0,0,0,0,0,0,0,0,0,0,0,0,0,0,0,0,0,0,0,0,0,0,0,0,0,0,0,0,0,0,0,0,0,0,0,0,0,0,0,0,0,0,0,0,0,0,0,0,0,0,0,,,,,
Serbia,SRB,CO2 emissions from solid fuel consumption (kt),EN.ATM.CO2E.SF.KT,,,,,,,,,,,,,,,,,,,,,,,,,,,,,,,,,,,,,,,,,,,,,,,40098.645,40021.638,35518.562,31495.863,30846.804,34304.785,30139.073,31312.513,24645.907,30593.781,31092.493,,,,,
South Sudan,SSD,CO2 emissions from solid fuel consumption (kt),EN.ATM.CO2E.SF.KT,,,,,,,,,,,,,,,,,,,,,,,,,,,,,,,,,,,,,,,,,,,,,,,,,,,,,0,0,0,0,0,,,,,
Sao Tome and Principe,STP,CO2 emissions from solid fuel consumption (kt),EN.ATM.CO2E.SF.KT,0,0,0,0,0,0,0,0,0,0,0,0,0,0,0,0,0,0,0,0,0,0,0,0,0,0,0,0,0,0,0,0,0,0,0,0,0,0,0,0,0,0,0,0,0,0,0,0,0,0,0,0,0,0,0,0,0,,,,,
Suriname,SUR,CO2 emissions from solid fuel consumption (kt),EN.ATM.CO2E.SF.KT,0,0,0,0,14.668,22.002,51.338,44.004,66.006,69.673,80.674,84.341,84.341,91.675,95.342,88.008,80.674,80.674,77.007,77.007,69.673,55.005,44.004,44.004,29.336,0,0,0,0,0,0,0,0,0,0,0,0,0,0,0,0,0,0,0,0,0,0,0,0,0,0,0,0,0,0,0,0,,,,,
Slovak Republic,SVK,CO2 emissions from solid fuel consumption (kt),EN.ATM.CO2E.SF.KT,,,,,,,,,,,,,,,,,,,,,,,,,,,,,,,,,23813.498,23707.155,20967.906,20894.566,20366.518,19431.433,18092.978,17564.93,16307.149,16967.209,16409.825,17638.27,17308.24,16332.818,17396.248,15423.402,15573.749,15005.364,15196.048,14374.64,13457.89,13410.219,13289.208,12753.826,13164.53,,,,,
Slovenia,SVN,CO2 emissions from solid fuel consumption (kt),EN.ATM.CO2E.SF.KT,,,,,,,,,,,,,,,,,,,,,,,,,,,,,,,,,5922.205,5636.179,5251.144,5445.495,5023.79,5551.838,5636.179,5269.479,5152.135,5621.511,6186.229,5859.866,6101.888,6054.217,6204.564,6285.238,6175.228,5577.507,5606.843,5760.857,5551.838,5284.147,4140.043,4231.718,3850.35,,,,,
Sweden,SWE,CO2 emissions from solid fuel consumption (kt),EN.ATM.CO2E.SF.KT,10124.587,9394.854,8683.456,8808.134,8760.463,7873.049,7572.355,7546.686,6622.602,6475.922,6992.969,6321.908,5427.16,5808.528,5786.526,7091.978,6582.265,5379.489,5672.849,6882.959,6413.583,5467.497,6736.279,7854.714,9746.886,11752.735,11778.404,11195.351,11067.006,10802.982,11015.668,10293.269,9757.887,10403.279,11294.36,10971.664,11554.717,9963.239,9699.215,9240.84,9295.845,10527.957,10861.654,10164.924,11272.358,9900.9,10157.59,10098.918,9277.51,7370.67,9519.532,9493.863,8305.755,8426.766,8005.061,8045.398,7854.714,,,,,
Eswatini,SWZ,CO2 emissions from solid fuel consumption (kt),EN.ATM.CO2E.SF.KT,33.003,3.667,,,11.001,80.674,201.685,227.354,278.692,304.361,366.7,399.703,381.368,370.367,311.695,337.364,333.697,341.031,440.04,447.374,465.709,436.373,436.373,271.358,333.697,440.04,458.375,436.373,436.373,436.373,425.372,326.363,264.024,132.012,484.044,454.708,341.031,564.718,564.718,583.053,535.382,506.046,487.711,399.703,392.369,381.368,385.035,399.703,414.371,381.368,370.367,374.034,520.714,799.406,179.683,231.021,322.696,,,,,
Sint Maarten (Dutch part),SXM,CO2 emissions from solid fuel consumption (kt),EN.ATM.CO2E.SF.KT,,,,,,,,,,,,,,,,,,,,,,,,,,,,,,,,,,,,,,,,,,,,,,,,,,,,,0,0,0,,,,,,,
Seychelles,SYC,CO2 emissions from solid fuel consumption (kt),EN.ATM.CO2E.SF.KT,,,,0,0,0,0,0,0,0,0,0,0,0,0,0,0,0,0,0,0,0,0,0,0,0,0,0,0,0,0,0,0,0,0,0,0,0,0,0,0,0,0,0,0,0,0,0,0,0,0,0,0,0,0,0,0,,,,,
Syrian Arab Republic,SYR,CO2 emissions from solid fuel consumption (kt),EN.ATM.CO2E.SF.KT,11.001,11.001,11.001,7.334,11.001,11.001,11.001,3.667,3.667,11.001,3.667,18.335,3.667,11.001,3.667,7.334,11.001,11.001,18.335,11.001,11.001,22.002,25.669,18.335,11.001,3.667,3.667,3.667,3.667,0,0,3.667,3.667,3.667,3.667,14.668,11.001,11.001,11.001,11.001,11.001,11.001,7.334,11.001,11.001,11.001,11.001,11.001,11.001,11.001,11.001,11.001,3.667,3.667,3.667,3.667,3.667,,,,,
Turks and Caicos Islands,TCA,CO2 emissions from solid fuel consumption (kt),EN.ATM.CO2E.SF.KT,,,,,,,,,,,,,,,,,,,,,,,,,,,,,,,0,0,0,0,0,0,0,0,0,0,0,0,0,0,0,0,0,0,0,0,0,0,0,0,0,0,0,,,,,
Chad,TCD,CO2 emissions from solid fuel consumption (kt),EN.ATM.CO2E.SF.KT,0,0,0,0,0,0,0,0,0,0,0,0,0,0,0,0,0,0,0,0,0,0,0,0,0,0,0,0,0,0,0,0,0,0,0,0,0,0,0,0,0,0,0,0,0,0,0,0,0,0,0,0,0,0,0,0,0,,,,,
Togo,TGO,CO2 emissions from solid fuel consumption (kt),EN.ATM.CO2E.SF.KT,0,0,0,0,0,0,0,0,0,0,0,0,0,0,0,0,0,0,0,0,0,0,0,0,0,0,0,0,0,0,0,0,0,0,0,0,0,0,0,0,0,0,0,0,0,0,0,0,0,0,0,0,0,0,0,0,0,,,,,
Thailand,THA,CO2 emissions from solid fuel consumption (kt),EN.ATM.CO2E.SF.KT,146.68,121.011,150.347,150.347,117.344,146.68,194.351,374.034,348.365,392.369,462.042,528.048,414.371,443.707,612.389,630.724,737.067,630.724,795.739,1540.14,1730.824,1848.168,2577.901,2453.223,2783.253,5984.544,6112.889,7752.038,8283.753,9941.237,13600.903,15632.421,16699.518,18133.315,20546.201,24092.19,30348.092,30436.1,24539.564,27781.192,30109.737,34788.829,35144.528,37667.424,42236.506,41228.081,45291.117,51649.695,56347.122,53021.153,56189.441,62951.389,63354.759,66273.691,60916.204,64671.212,59148.71,,,,,
Tajikistan,TJK,CO2 emissions from solid fuel consumption (kt),EN.ATM.CO2E.SF.KT,,,,,,,,,,,,,,,,,,,,,,,,,,,,,,,,,935.085,520.714,113.677,51.338,22.002,62.339,47.671,33.003,44.004,66.006,80.674,106.343,161.348,168.682,176.016,315.362,341.031,308.028,337.364,370.367,704.064,876.413,1481.468,1760.16,2233.203,,,,,
Turkmenistan,TKM,CO2 emissions from solid fuel consumption (kt),EN.ATM.CO2E.SF.KT,,,,,,,,,,,,,,,,,,,,,,,,,,,,,,,,,1591.478,359.366,0,0,264.024,0,0,0,0,0,0,0,0,0,0,0,0,0,0,0,0,0,0,0,0,,,,,
Timor-Leste,TLS,CO2 emissions from solid fuel consumption (kt),EN.ATM.CO2E.SF.KT,,,,,,,,,,,,,,,,,,,,,,,,,,,,,,,,,,,,,,,,,,,0,0,0,0,0,0,0,0,0,0,0,0,0,0,0,,,,,
Tonga,TON,CO2 emissions from solid fuel consumption (kt),EN.ATM.CO2E.SF.KT,0,0,0,0,0,0,0,0,0,0,0,0,0,0,0,0,0,0,0,0,0,0,0,0,0,0,0,0,0,0,0,0,0,0,0,0,0,0,0,0,0,0,0,0,0,0,0,0,0,0,0,0,0,0,0,0,0,,,,,
Trinidad and Tobago,TTO,CO2 emissions from solid fuel consumption (kt),EN.ATM.CO2E.SF.KT,3.667,0,3.667,3.667,3.667,3.667,3.667,0,0,0,0,0,0,0,0,0,0,0,0,0,0,0,0,0,0,0,0,0,0,0,0,0,0,0,0,0,0,0,0,0,0,0,0,0,0,0,0,0,0,0,0,0,0,0,0,0,0,,,,,
Tunisia,TUN,CO2 emissions from solid fuel consumption (kt),EN.ATM.CO2E.SF.KT,113.677,135.679,91.675,99.009,106.343,132.012,212.686,359.366,319.029,322.696,363.033,253.023,352.032,275.025,429.039,315.362,289.693,260.357,297.027,374.034,234.688,311.695,187.017,256.69,264.024,253.023,223.687,253.023,308.028,297.027,264.024,271.358,278.692,289.693,264.024,238.355,238.355,260.357,209.019,297.027,278.692,256.69,216.353,62.339,0,0,0,0,0,0,55.005,44.004,0,0,0,0,0,,,,,
Turkiye,TUR,CO2 emissions from solid fuel consumption (kt),EN.ATM.CO2E.SF.KT,11331.03,10630.633,11906.749,12970.179,14370.973,14194.957,15885.444,15045.701,15350.062,16178.804,17495.257,17715.277,18918.053,19259.084,19959.481,21019.244,23644.816,23956.511,20436.191,25045.61,24213.201,27264.145,31169.5,34678.819,38862.866,46838.591,52269.418,55536.715,53769.221,58771.009,65873.988,68910.264,66948.419,62221.656,62386.671,64751.886,73431.675,81939.115,85375.094,78099.766,87215.928,72899.96,76024.244,82327.817,85870.139,87586.295,102518.319,113948.358,114634.087,119459.859,122690.486,130717.549,133288.116,126364.82,138861.956,132983.755,148099.129,,,,,
Tuvalu,TUV,CO2 emissions from solid fuel consumption (kt),EN.ATM.CO2E.SF.KT,,,,,,,,,,,,,,,,,,,,,,,,,,,,,,,0,0,0,0,0,0,0,0,0,0,0,0,0,0,0,0,0,0,0,0,0,0,0,0,0,0,0,,,,,
Tanzania,TZA,CO2 emissions from solid fuel consumption (kt),EN.ATM.CO2E.SF.KT,3.667,7.334,11.001,7.334,3.667,3.667,11.001,3.667,11.001,7.334,11.001,11.001,18.335,3.667,7.334,3.667,11.001,11.001,14.668,3.667,3.667,3.667,3.667,11.001,7.334,11.001,11.001,7.334,7.334,7.334,11.001,11.001,11.001,264.024,150.347,113.677,150.347,73.34,121.011,198.018,209.019,205.352,209.019,146.68,172.349,80.674,47.671,73.34,40.337,0,0,216.353,209.019,227.354,652.726,682.062,733.4,,,,,
Uganda,UGA,CO2 emissions from solid fuel consumption (kt),EN.ATM.CO2E.SF.KT,0,0,0,0,0,0,0,0,0,0,0,0,0,0,0,0,0,0,0,0,0,0,0,0,0,0,0,0,0,0,0,0,0,0,0,0,0,0,0,0,0,0,0,0,0,0,0,0,0,0,0,0,0,0,0,0,0,,,,,
Ukraine,UKR,CO2 emissions from solid fuel consumption (kt),EN.ATM.CO2E.SF.KT,,,,,,,,,,,,,,,,,,,,,,,,,,,,,,,,,305761.794,270045.214,212399.974,215348.242,186367.941,142884.655,146434.311,144421.128,146529.653,141894.565,143046.003,155414.794,139830.044,140794.465,151476.436,146786.343,143009.333,122397.126,135202.29,139081.976,159771.19,148990.21,117608.024,102859.35,106001.969,,,,,
Uruguay,URY,CO2 emissions from solid fuel consumption (kt),EN.ATM.CO2E.SF.KT,172.349,124.678,110.01,117.344,84.341,110.01,99.009,106.343,88.008,80.674,58.672,95.342,88.008,73.34,77.007,77.007,69.673,66.006,7.334,14.668,11.001,7.334,7.334,3.667,3.667,3.667,3.667,3.667,3.667,0,3.667,3.667,3.667,0,0,0,3.667,3.667,3.667,3.667,3.667,3.667,3.667,3.667,3.667,3.667,7.334,11.001,3.667,3.667,3.667,3.667,7.334,7.334,7.334,7.334,11.001,,,,,
United States,USA,CO2 emissions from solid fuel consumption (kt),EN.ATM.CO2E.SF.KT,918715.512,888169.402,921572.105,987816.46,1050034.449,1091511.886,1133645.716,1164001.142,1140536.009,1158948.016,1169046.934,1108314.08,1125761.666,1211543.797,1197260.832,1152171.4,1275466.941,1290409.966,1368418.057,1415909.374,1461226.16,1489652.744,1438446.756,1518086.662,1587389.295,1628012.321,1589761.844,1682188.579,1760347.017,1798227.127,1781828.303,1765906.189,1787915.523,1830504.061,1842421.811,1840195.942,1910250.31,1963135.784,1974276.13,1986721.928,2070963.919,2038155.27,2060362.622,2056915.642,2104619.645,2123574.368,2094220.033,2111062.564,2078492.27,1842018.441,1911717.11,1828806.24,1626050.476,1652500.547,1650322.349,1452832.397,1323423.967,,,,,
Uzbekistan,UZB,CO2 emissions from solid fuel consumption (kt),EN.ATM.CO2E.SF.KT,,,,,,,,,,,,,,,,,,,,,,,,,,,,,,,,,9699.215,7392.672,7484.347,4213.383,4726.763,3887.02,4059.369,4030.033,4921.114,5053.126,5045.792,3879.686,4587.417,4429.736,4756.099,5038.458,4928.448,5309.816,5155.802,5419.826,5474.831,5691.184,6149.559,5533.503,6094.554,,,,,
St. Vincent and the Grenadines,VCT,CO2 emissions from solid fuel consumption (kt),EN.ATM.CO2E.SF.KT,0,0,0,0,0,0,0,0,0,0,0,0,0,0,0,0,0,0,0,0,0,0,0,0,0,0,0,0,0,0,0,0,0,0,0,0,0,0,0,0,0,0,0,0,0,0,0,0,0,0,0,0,0,0,0,0,0,,,,,
"Venezuela, RB",VEN,CO2 emissions from solid fuel consumption (kt),EN.ATM.CO2E.SF.KT,95.342,113.677,377.701,451.041,531.715,568.385,473.043,597.721,982.756,810.407,924.084,495.045,546.383,982.756,704.064,671.061,539.049,1070.764,374.034,601.388,733.4,271.358,381.368,502.379,634.391,326.363,337.364,399.703,663.727,1026.76,1217.444,1140.437,1232.112,1004.758,762.736,18.335,58.672,124.678,3520.32,132.012,476.71,176.016,66.006,157.681,0,135.679,157.681,403.37,513.38,861.745,755.402,777.404,799.406,795.739,748.068,517.047,469.376,,,,,
British Virgin Islands,VGB,CO2 emissions from solid fuel consumption (kt),EN.ATM.CO2E.SF.KT,,,0,0,0,0,0,0,0,0,0,0,0,0,0,0,0,0,0,0,0,0,0,0,0,0,0,0,0,0,0,0,0,0,0,0,0,0,0,0,0,0,0,0,0,0,0,0,0,0,0,0,0,0,0,0,0,,,,,
Virgin Islands (U.S.),VIR,CO2 emissions from solid fuel consumption (kt),EN.ATM.CO2E.SF.KT,,,,,,,,,,,,,,,,,,,,,,,,,,,,,,,,,,,,,,,,,,,,,,,,,,,,,,,,,,,,,,
Vietnam,VNM,CO2 emissions from solid fuel consumption (kt),EN.ATM.CO2E.SF.KT,5390.49,5559.172,6904.961,6395.248,7000.303,7455.011,7972.058,6780.283,7165.318,7238.658,7293.663,6769.282,5104.464,7356.002,8789.799,12189.108,11400.703,12577.81,12134.103,12625.481,12746.492,13278.207,13542.231,13901.597,11683.062,14851.35,14103.282,16076.128,13960.269,8544.11,11067.006,12005.758,10989.999,8903.476,10920.326,12559.475,14759.675,21543.625,21701.306,20047.489,20733.218,24972.27,27513.501,32001.909,34821.832,39489.923,42779.222,36493.984,43677.637,45525.805,47502.318,59599.751,52309.755,56321.453,70575.082,83259.235,81187.38,,,,,
Vanuatu,VUT,CO2 emissions from solid fuel consumption (kt),EN.ATM.CO2E.SF.KT,,,11.001,7.334,29.336,14.668,40.337,44.004,7.334,0,0,0,0,0,0,0,0,0,0,0,0,0,0,0,0,0,0,0,0,0,0,0,0,0,0,0,0,0,0,0,0,0,0,0,0,0,0,0,0,0,0,0,0,0,0,0,0,,,,,
Samoa,WSM,CO2 emissions from solid fuel consumption (kt),EN.ATM.CO2E.SF.KT,0,0,0,0,0,0,0,0,0,0,0,0,0,0,0,0,0,0,0,0,0,0,0,0,0,0,0,0,0,0,0,0,0,0,0,0,0,0,0,0,0,0,0,0,0,0,0,0,0,0,0,0,0,0,0,0,0,,,,,
Kosovo,XKX,CO2 emissions from solid fuel consumption (kt),EN.ATM.CO2E.SF.KT,,,,,,,,,,,,,,,,,,,,,,,,,,,,,,,,,,,,,,,,,,,,,,,,,5518.835,6266.903,6618.935,6413.583,6054.217,6149.559,5357.487,6156.893,6673.94,,,,,
"Yemen, Rep.",YEM,CO2 emissions from solid fuel consumption (kt),EN.ATM.CO2E.SF.KT,0,0,0,0,0,0,0,0,0,0,0,0,0,0,0,0,0,0,0,0,0,0,0,0,0,0,0,0,0,0,0,0,0,0,0,0,0,0,0,0,0,0,0,0,0,0,0,0,128.345,238.355,451.041,462.042,473.043,495.045,495.045,355.699,322.696,,,,,
South Africa,ZAF,CO2 emissions from solid fuel consumption (kt),EN.ATM.CO2E.SF.KT,87512.955,90545.564,93336.151,96680.455,102635.663,111190.774,109133.587,112998.605,118568.778,120809.315,123995.938,133533.805,137978.209,137351.152,140460.768,144593.477,151883.473,158726.095,161670.696,180126.707,194218.988,218322.179,230940.326,240019.818,264992.088,273752.551,280521.833,284214.502,293906.383,284185.166,265314.784,277940.265,259880.29,289960.691,299443.553,319791.736,324375.486,333568.655,326087.975,337022.969,338159.739,337969.055,325794.615,357734.185,384400.609,377026.272,382332.421,392490.011,418639.388,413014.21,407253.353,400810.434,398342.543,392644.025,412746.519,386773.158,399603.991,,,,,
Zambia,ZMB,CO2 emissions from solid fuel consumption (kt),EN.ATM.CO2E.SF.KT,,,,,2753.917,3223.293,2838.258,3681.668,3329.636,2889.596,2438.555,2174.531,2339.546,2251.538,1987.514,1859.169,1796.83,1591.478,1404.461,1342.122,1353.123,1133.103,1353.123,1012.092,1129.436,1107.434,1224.778,1026.76,1382.459,876.413,832.409,839.743,872.746,883.747,839.743,330.03,421.705,484.044,462.042,278.692,289.693,300.694,304.361,322.696,238.355,315.362,132.012,293.36,315.362,407.037,381.368,267.691,348.365,458.375,484.044,484.044,854.411,,,,,
Zimbabwe,ZWE,CO2 emissions from solid fuel consumption (kt),EN.ATM.CO2E.SF.KT,,,,,3186.623,3406.643,4994.454,4180.38,4961.451,5196.139,6556.596,7011.304,6299.906,7190.987,6802.285,5874.534,8947.48,7363.336,7389.005,7744.704,7719.035,7220.323,7073.643,8342.425,7770.373,8056.399,10857.987,13010.516,13413.886,13622.905,13428.554,12783.162,13523.896,12566.809,13564.233,10619.632,10505.955,9501.197,9739.552,10608.631,10131.921,9548.868,9130.83,8192.078,7425.675,8481.771,8192.078,7814.377,5962.542,3582.659,5643.513,5859.866,3439.646,7066.309,7737.37,8041.731,7069.976,,,,,
